"commission_with_goal","commission_without_goal","sales_bonus_value","traffic_cpa_blaze","traffic_cpa_betano","traffic_cpa_betfair","traffic_cpa_novibet","sup_rev_pct","ftd_rate_base","net_revenue_factor","base_salary","traffic_cpa_hiperbet","sales_pct_one_goal","traffic_cpa_esportiva","traffic_cpa_betmgm","ftd_bonus_every","ftd_bonus_value","default_cpa_value","sup_ftd_superbet_with_goal","net_revenue_pct_with_goal","traffic_cpa_stake","sup_sales_pct_no_goal","goal_bonus_value","sales_pct_both_goals","ftd_superbet_rate","sup_ftd_others_with_goal","traffic_sup_commission_pct","sup_sales_pct_with_goal","department_id","commission_with_super_goal","ftd_rate_one_goal","traffic_sup_bonus","traffic_cpa_superbet","net_revenue_pct_no_goal","group_commission_per_percent","group_commission_per_20_percent","sup_ftd_superbet_no_goal","traffic_investment_commission_pct","name","ftd_rate_both_goals","sup_ftd_others_no_goal","sales_bonus_every","rev_commission_pct","sales_pct_base","id","created_date","updated_date","created_by_id","created_by","is_sample"
"0","0","0","","","","","","0","","2000","","0","","","0","0","0","","","","","0","0","0","","","","","","0","","","","0","0","","","Analista junior 2","0","","0","0","0","6a95bf6cc27347bd9d4bc5a5","2026-08-31T17:52:44.756000","2026-08-31T17:52:44.756000","6a29cdc5a5548b7061fd28e4","kevinathy25@gmail.com","false"
"1","0.7","0","","","","","","0","","3000","","0","","","0","0","0","","","","","1000","0","0","","","","6a47f171f807d9dc7e1ea7c2","","0","","","","0","0","","","Gerente Affiliates","0","","0","0","0","6a47f4928db123c310a3fcb4","2026-07-03T17:42:42.959000","2026-07-03T18:05:21.786000","6a29cdc5a5548b7061fd28e4","kevinathy25@gmail.com","false"
"0.4","0.4","0","","","","","","0","","2000","","0","","","0","0","0","","","","","1000","0","0","","","","6a47f171f807d9dc7e1ea7c2","","0","","","","0","0","","","Analista Affiliates","0","","0","0","0","6a47f4814f41d7a3b8639d9e","2026-07-03T17:42:25.901000","2026-07-03T18:05:13.067000","6a29cdc5a5548b7061fd28e4","kevinathy25@gmail.com","false"
"0","0","0","","","","","","0","","2200","","0","","","0","0","0","","","","","","0","0","","","","6a427935be1b68a560016cb9","","0","","","","0","0","","","Capitão Suporte","0","","0","0","0","6a456df4f71e1ffede51e7ce","2026-07-01T19:43:48.676000","2026-07-01T19:43:48.676000","6a29cdc5a5548b7061fd28e4","kevinathy25@gmail.com","false"
"0","0","0","","","","","","0","","5000","","0","","","0","0","0","","","","","","0","0","","","","6a45649ec1af3390804bc2ef","","0","","","","0","0","","","Senior 3","0","","0","0","0","6a4565314c5c802b5053726d","2026-07-01T19:06:25.687000","2026-07-01T19:06:25.687000","6a29cdc5a5548b7061fd28e4","kevinathy25@gmail.com","false"
"0","0","0","","","","","","0","","4800","","0","","","0","0","0","","","","","","0","0","","","","6a45649ec1af3390804bc2ef","","0","","","","0","0","","","Senior 2","0","","0","0","0","6a4565290489fcc3dc375fa5","2026-07-01T19:06:17.017000","2026-07-01T19:06:17.017000","6a29cdc5a5548b7061fd28e4","kevinathy25@gmail.com","false"
"0","0","0","","","","","","0","","4300","","0","","","0","0","0","","","","","","0","0","","","","6a45649ec1af3390804bc2ef","","0","","","","0","0","","","Senior 1","0","","0","0","0","6a456519fa339de629d66ec4","2026-07-01T19:06:01.979000","2026-07-01T19:06:01.979000","6a29cdc5a5548b7061fd28e4","kevinathy25@gmail.com","false"
"0","0","0","","","","","","0","","3800","","0","","","0","0","0","","","","","","0","0","","","","6a45649ec1af3390804bc2ef","","0","","","","0","0","","","Pleno 3","0","","0","0","0","6a4565032d96e9a67915b801","2026-07-01T19:05:39.256000","2026-07-01T19:05:39.256000","6a29cdc5a5548b7061fd28e4","kevinathy25@gmail.com","false"
"0","0","0","","","","","","0","","3400","","0","","","0","0","0","","","","","","0","0","","","","6a45649ec1af3390804bc2ef","","0","","","","0","0","","","Pleno 2","0","","0","0","0","6a4564eddd62e22d9315bb08","2026-07-01T19:05:17.465000","2026-07-01T19:05:17.465000","6a29cdc5a5548b7061fd28e4","kevinathy25@gmail.com","false"
"0","0","0","","","","","","0","","3000","","0","","","0","0","0","","","","","","0","0","","","","6a45649ec1af3390804bc2ef","","0","","","","0","0","","","Pleno 1","0","","0","0","0","6a4564dc75bb0b4c1dff1d1d","2026-07-01T19:05:00.141000","2026-07-01T19:05:00.141000","6a29cdc5a5548b7061fd28e4","kevinathy25@gmail.com","false"
"0","0","0","","","","","","0","","2600","","0","","","0","0","0","","","","","","0","0","","","","6a45649ec1af3390804bc2ef","","0","","","","0","0","","","Junior 2","0","","0","0","0","6a4564ca74f59026117e848e","2026-07-01T19:04:42.123000","2026-07-01T19:04:42.123000","6a29cdc5a5548b7061fd28e4","kevinathy25@gmail.com","false"
"0","0","0","","","","","","0","","2300","","0","","","0","0","0","","","","","","0","0","","","","6a45649ec1af3390804bc2ef","","0","","","","0","0","","","Junior 1 ","0","","0","0","0","6a4564ba704d1893ad071a5b","2026-07-01T19:04:26.458000","2026-07-01T19:04:26.458000","6a29cdc5a5548b7061fd28e4","kevinathy25@gmail.com","false"
"0","0","0","3","4","3","3","","0","","4000","3","0","3","4","0","0","0","","","0","","","0","0","","0.3","","6a29d079bcb95e650f1f7f37","","0","500","6","","0","0","","0.3","Sup de Tráfego","0","","0","0","0","6a4465889c7f08214fb3da20","2026-07-01T00:55:36.588000","2026-07-07T21:03:24.933000","6a29cdc5a5548b7061fd28e4","kevinathy25@gmail.com","false"
"0","0","0","4","5","4","4","","0","","8000","4","0","4","5","0","0","0","","","","","","0","0","","0.5","","6a29d079bcb95e650f1f7f37","","0","","7","","0","0","","0.5","Gerente de Tráfego","0","","0","0","0","6a446539429d00ed082ffc3c","2026-07-01T00:54:17.006000","2026-07-07T20:43:27.906000","6a29cdc5a5548b7061fd28e4","kevinathy25@gmail.com","false"
"0","0","0","6","7","6","6","","0","","4000","6","0","6","7","0","0","0","","","","","","0","0","","","","6a29d079bcb95e650f1f7f37","","0","","10","","0","0","","1.3","Gestor de tráfego - Senior","0","","0","0","0","6a446411c1dc267bce252e4f","2026-07-01T00:49:21.227000","2026-08-04T20:49:35.498000","6a29cdc5a5548b7061fd28e4","kevinathy25@gmail.com","false"
"0","0","0","5","6","5","5","","0","","3500","5","0","5","6","0","0","0","","","","","","0","0","","","","6a29d079bcb95e650f1f7f37","","0","","8","","0","0","","1.18","Gestor de tráfego - Pleno 3","0","","0","0","0","6a4463ddade12b4424c8e9c0","2026-07-01T00:48:29.961000","2026-08-04T20:49:48.757000","6a29cdc5a5548b7061fd28e4","kevinathy25@gmail.com","false"
"0","0","0","4.5","5.5","4.5","4.5","","0","","3250","4.5","0","4.5","5.5","0","0","0","","","","","","0","0","","","","6a29d079bcb95e650f1f7f37","","0","","7.5","","0","0","","1.08","Gestor de Tráfego - Pleno 2","0","","0","0","0","6a44639830c7a446c3445c6b","2026-07-01T00:47:20.159000","2026-08-04T20:50:03.719000","6a29cdc5a5548b7061fd28e4","kevinathy25@gmail.com","false"
"0","0","0","4","5","4","4","","0","","3000","4","0","4","5","0","0","0","","","","","","0","0","","","","6a29d079bcb95e650f1f7f37","","0","","7","","0","0","","0.98","Gestor de tráfego - Pleno 1","0","","0","0","0","6a446303f7b4ea8b1c4fc04c","2026-07-01T00:44:51.914000","2026-08-04T20:50:20.076000","6a29cdc5a5548b7061fd28e4","kevinathy25@gmail.com","false"
"0","0","0","3","4","3","3","","0","","2500","3","0","3","4","0","0","0","","","","","","0","0","","","","6a29d079bcb95e650f1f7f37","","0","","6","","0","0","","0.9","Gestor de Tráfego Junior 3","0","","0","0","0","6a4462b343de34203bbae33e","2026-07-01T00:43:31.177000","2026-08-04T20:50:41.476000","6a29cdc5a5548b7061fd28e4","kevinathy25@gmail.com","false"
"0","0","0","2.5","3.5","2.5","2.5","","0","","2250","2.5","0","2.5","3.5","0","0","0","","","","","","0","0","","","","6a29d079bcb95e650f1f7f37","","0","","5.5","","0","0","","0.8","Gestor de tráfego - Junior 2","0","","0","0","0","6a445eddbb588bfd6fe6bdc2","2026-07-01T00:27:09.749000","2026-08-04T20:50:51.544000","6a29cdc5a5548b7061fd28e4","kevinathy25@gmail.com","false"
"0","0","0","","","","","","0","50","2500","","0","","","0","0","0","","0.004","","","","0","0","","","","6a43fc44ad0012dafb312450","","0","","","0.002","0","0","","","Sup de Projetos","0","","0","0","0","6a43fe35badd83d44b5fb718","2026-06-30T17:34:45.388000","2026-06-30T18:19:29.405000","6a29cdc5a5548b7061fd28e4","kevinathy25@gmail.com","false"
"0","0","0","","","","","","0","50","0","","0","","","0","0","0","","0.015","","","","0","0","","","","6a43fc44ad0012dafb312450","","0","","","0.012","0","0","","","Diretora ","0","","0","0","0","6a43fdebe499d05e6d29a076","2026-06-30T17:33:31.137000","2026-09-04T17:51:48.767000","6a29cdc5a5548b7061fd28e4","kevinathy25@gmail.com","false"
"0","0","0","","","","","","0","50","3000","","0","","","0","0","0","","0.008","","","","0","0","","","","6a43fc44ad0012dafb312450","","0","","","0.005","0","0","","","Gerente de Projetos","0","","0","0","0","6a43fdb69d13224af800fa95","2026-06-30T17:32:38.987000","2026-09-03T13:49:00.013000","6a29cdc5a5548b7061fd28e4","kevinathy25@gmail.com","false"
"0","0","0","","","","","","0","100","3000","","0","","","0","0","0","","0.004","","","","0","0","","","","6a43fc44ad0012dafb312450","","0","","","0.0025","0","0","","","Gerente Comercial","0","","0","0","0","6a43fd3d81f23ee58bf20d94","2026-06-30T17:30:37.152000","2026-09-03T13:49:45.325000","6a29cdc5a5548b7061fd28e4","kevinathy25@gmail.com","false"
"1.8","1.5","0","","","","","","0","","5000","","0","","","0","0","0","","","","","","0","0","","","","6a42e463bc0f350fb9511a47","2","0","","","","0","0","","","Líder Sênior","0","","0","0","0","6a430c36c822f00b526166e8","2026-06-30T00:22:14.843000","2026-06-30T00:22:14.843000","6a29cdc5a5548b7061fd28e4","kevinathy25@gmail.com","false"
"1.5","1.3","0","","","","","","0","","4500","","0","","","0","0","0","","","","","","0","0","","","","6a42e463bc0f350fb9511a47","1.7","0","","","","0","0","","","Líder Pleno 3","0","","0","0","0","6a430bebf3a209483db9134b","2026-06-30T00:20:59.915000","2026-06-30T00:20:59.915000","6a29cdc5a5548b7061fd28e4","kevinathy25@gmail.com","false"
"1.4","1.2","0","","","","","","0","","4000","","0","","","0","0","0","","","","","","0","0","","","","6a42e463bc0f350fb9511a47","1.6","0","","","","0","0","","","Líder Pleno 2","0","","0","0","0","6a430bb03663b9a13dc99244","2026-06-30T00:20:00.114000","2026-06-30T00:20:00.114000","6a29cdc5a5548b7061fd28e4","kevinathy25@gmail.com","false"
"1.3","1.1","0","","","","","","0","","3500","","0","","","0","0","0","","","","","","0","0","","","","6a42e463bc0f350fb9511a47","1.5","0","","","","0","0","","","Líder Pleno 1","0","","0","0","0","6a430b7d6214bade8897cffc","2026-06-30T00:19:09.955000","2026-06-30T00:19:09.955000","6a29cdc5a5548b7061fd28e4","kevinathy25@gmail.com","false"
"1.2","1","0","","","","","","0","","3000","","0","","","0","0","0","","","","","","0","0","","","","6a42e463bc0f350fb9511a47","1.4","0","","","","0","0","","","Líder Junior 3","0","","0","0","0","6a430b56bca6a61166924060","2026-06-30T00:18:30.105000","2026-06-30T00:18:30.105000","6a29cdc5a5548b7061fd28e4","kevinathy25@gmail.com","false"
"0","0","0","","","","","","0","","5000","","0","","","0","0","0","","","","","","0","0","","","","6a29d079bcb95e650f1f7f34","","0","","","","0","0","","","Gerente de Marketing","0","","0","0","0","6a42e8a45719c09280520c2b","2026-06-29T21:50:28.170000","2026-06-29T21:50:28.170000","6a29cdc5a5548b7061fd28e4","kevinathy25@gmail.com","false"
"1.1","0.9","0","","","","","","0","","2750","","0","","","0","0","0","","","","","","0","0","","","","6a42e463bc0f350fb9511a47","1.3","0","","","","0","0","","","Líder Junior 2","0","","0","0","0","6a42e6f96edd926449017231","2026-06-29T21:43:21.281000","2026-06-29T21:43:21.281000","6a29cdc5a5548b7061fd28e4","kevinathy25@gmail.com","false"
"1","0.8","0","","","","","","0","","2499.99","","0","","","0","0","0","","","","","","0","0","","","","6a42e463bc0f350fb9511a47","1.2","0","","","","0","0","","","Líder Junior 1","0","","0","0","0","6a42e59ce8441ea36edb8423","2026-06-29T21:37:32.118000","2026-06-29T21:39:07.026000","6a29cdc5a5548b7061fd28e4","kevinathy25@gmail.com","false"
"0","0","0","","","","","","0","","3000","","0","","","0","0","0","","","","","","0","0","","","","6a427935be1b68a560016cb9","","0","","","","0","0","","","Sup. Suporte","0","","0","0","0","6a42cb05e6ab590369d2d112","2026-06-29T19:44:05.307000","2026-06-29T19:44:05.307000","6a29cdc5a5548b7061fd28e4","kevinathy25@gmail.com","false"
"0","0","0","","","","","","0","","4000","","0","","","0","0","0","","","","","","0","0","","","","6a427935be1b68a560016cb9","","0","","","","0","0","","","Gerente de Suporte","0","","0","0","0","6a42ca12fd946674572e95f5","2026-06-29T19:40:02.495000","2026-06-29T19:40:02.495000","6a29cdc5a5548b7061fd28e4","kevinathy25@gmail.com","false"
"0","0","0","","","","","","0","","4800","","0","","","0","0","0","","","","","","0","0","","","","6a29d079bcb95e650f1f7f34","","0","","","","0","0","","","SM Senior 3","0","","0","0","0","6a4285cbed9ee200c8ee4db3","2026-06-29T14:48:43.413000","2026-06-29T14:48:43.413000","6a29cdc5a5548b7061fd28e4","kevinathy25@gmail.com","false"
"0","0","0","","","","","","0","","4300","","0","","","0","0","0","","","","","","0","0","","","","6a29d079bcb95e650f1f7f34","","0","","","","0","0","","","SM Senior 2 ","0","","0","0","0","6a4285866f386841da63fc55","2026-06-29T14:47:34.133000","2026-06-29T14:47:34.133000","6a29cdc5a5548b7061fd28e4","kevinathy25@gmail.com","false"
"0","0","0","","","","","","0","","3800","","0","","","0","0","0","","","","","","0","0","","","","6a29d079bcb95e650f1f7f34","","0","","","","0","0","","","SM Senior 1","0","","0","0","0","6a428575d65cdee10d9e6441","2026-06-29T14:47:17.181000","2026-06-29T23:48:53.723000","6a29cdc5a5548b7061fd28e4","kevinathy25@gmail.com","false"
"0","0","0","","","","","","0","","3300","","0","","","0","0","0","","","","","","0","0","","","","6a29d079bcb95e650f1f7f34","","0","","","","0","0","","","SM Pleno 3","0","","0","0","0","6a4284fcaaec8b61ac528f44","2026-06-29T14:45:16.609000","2026-06-29T23:48:39.880000","6a29cdc5a5548b7061fd28e4","kevinathy25@gmail.com","false"
"0","0","0","","","","","","0","","3000","","0","","","0","0","0","","","","","","0","0","","","","6a29d079bcb95e650f1f7f34","","0","","","","0","0","","","SM Pleno 2","0","","0","0","0","6a4284ad5d6d875f2dd4c561","2026-06-29T14:43:57.885000","2026-06-29T14:43:57.885000","6a29cdc5a5548b7061fd28e4","kevinathy25@gmail.com","false"
"0","0","0","","","","","","0","","2700","","0","","","0","0","0","","","","","","0","0","","","","6a29d079bcb95e650f1f7f34","","0","","","","0","0","","","SM Pleno 1","0","","0","0","0","6a42849e897c5fa4087f9152","2026-06-29T14:43:42.068000","2026-06-29T14:43:42.068000","6a29cdc5a5548b7061fd28e4","kevinathy25@gmail.com","false"
"0","0","0","","","","","","0","","2400","","0","","","0","0","0","","","","","","0","0","","","","6a29d079bcb95e650f1f7f34","","0","","","","0","0","","","SM Junior 2","0","","0","0","0","6a428465f03d0e293532bde1","2026-06-29T14:42:45.530000","2026-06-29T14:42:45.530000","6a29cdc5a5548b7061fd28e4","kevinathy25@gmail.com","false"
"0","0","0","","","","","","0","","2200","","0","","","0","0","0","","","","","","0","0","","","","6a29d079bcb95e650f1f7f34","","0","","","","0","0","","","SM Junior 1","0","","0","0","0","6a4284553e9d2604954eccb2","2026-06-29T14:42:29.810000","2026-06-29T14:42:29.810000","6a29cdc5a5548b7061fd28e4","kevinathy25@gmail.com","false"
"0","0","0","","","","","","0","","6500","","0","","","0","0","0","","","","","","0","0","","","","6a427c594ac540b2eff9b154","","0","","","","0","0","","","T.I Senior 3 ","0","","0","0","0","6a42835a1e5ae4e5e91e6173","2026-06-29T14:38:18.881000","2026-07-01T00:12:21.134000","6a29cdc5a5548b7061fd28e4","kevinathy25@gmail.com","false"
"0","0","0","","","","","","0","","6000","","0","","","0","0","0","","","","","","0","0","","","","6a427c594ac540b2eff9b154","","0","","","","0","0","","","T.I Senior 2 ","0","","0","0","0","6a428327bddea43ef487405b","2026-06-29T14:37:27.944000","2026-06-29T14:37:27.944000","6a29cdc5a5548b7061fd28e4","kevinathy25@gmail.com","false"
"0","0","0","","","","","","0","","5500","","0","","","0","0","0","","","","","","0","0","","","","6a427c594ac540b2eff9b154","","0","","","","0","0","","","T.I Senior 1","0","","0","0","0","6a4282ff595fab80055be225","2026-06-29T14:36:47.220000","2026-06-29T14:36:47.220000","6a29cdc5a5548b7061fd28e4","kevinathy25@gmail.com","false"
"0","0","0","","","","","","0","","5000","","0","","","0","0","0","","","","","","0","0","","","","","","0","","","","0","0","","","T.I Pleno 3 ","0","","0","0","0","6a42822e01bd96d20947331f","2026-06-29T14:33:18.282000","2026-06-29T14:33:18.282000","6a29cdc5a5548b7061fd28e4","kevinathy25@gmail.com","false"
"0","0","0","","","","","","0","","4000","","0","","","0","0","0","","","","","","0","0","","","","6a427c594ac540b2eff9b154","","0","","","","0","0","","","T.I Pleno 2 ","0","","0","0","0","6a4281bd7622f7d17648faf9","2026-06-29T14:31:25.419000","2026-06-29T14:31:25.419000","6a29cdc5a5548b7061fd28e4","kevinathy25@gmail.com","false"
"0","0","0","","","","","","0","","4000","","0","","","0","0","0","","","","","","0","0","","","","6a427c594ac540b2eff9b154","","0","","","","0","0","","","T.I Pleno 1 ","0","","0","0","0","6a4280ef2b4537d5f5b21b7f","2026-06-29T14:27:59.651000","2026-06-29T14:27:59.651000","6a29cdc5a5548b7061fd28e4","kevinathy25@gmail.com","false"
"0","0","0","","","","","","0","","3500","","0","","","0","0","0","","","","","","0","0","","","","6a427c594ac540b2eff9b154","","0","","","","0","0","","","T.I Junior 3","0","","0","0","0","6a4280da917f946387d32acd","2026-06-29T14:27:38.632000","2026-06-29T14:27:38.632000","6a29cdc5a5548b7061fd28e4","kevinathy25@gmail.com","false"
"0","0","0","","","","","","0","","3000","","0","","","0","0","0","","","","","","0","0","","","","6a427c594ac540b2eff9b154","","0","","","","0","0","","","T.I Junior 2 ","0","","0","0","0","6a4280cb22731941a0d0ee48","2026-06-29T14:27:23.264000","2026-06-29T14:27:23.264000","6a29cdc5a5548b7061fd28e4","kevinathy25@gmail.com","false"
"0","0","0","","","","","","0","","2500","","0","","","0","0","0","","","","","","0","0","","","","6a427c594ac540b2eff9b154","","0","","","","0","0","","","T.I Junior 1 ","0","","0","0","0","6a4280b7e74747b6c645f790","2026-06-29T14:27:03.435000","2026-06-29T16:36:28.256000","6a29cdc5a5548b7061fd28e4","kevinathy25@gmail.com","false"
"0","0","0","","","","","","0","","2500","","0","","","0","0","0","","","","","","0","0","","","","6a427935be1b68a560016cb9","","0","","","","0","0","","","Suporte Senior 3 ","0","","0","0","0","6a427afae9dcdc22af520456","2026-06-29T14:02:34.015000","2026-06-29T14:02:34.015000","6a29cdc5a5548b7061fd28e4","kevinathy25@gmail.com","false"
"0","0","0","","","","","","0","","2400","","0","","","0","0","0","","","","","","0","0","","","","6a427935be1b68a560016cb9","","0","","","","0","0","","","Suporte Senior 2 ","0","","0","0","0","6a427ae369ed3b44bbb1b26a","2026-06-29T14:02:11.245000","2026-06-29T14:02:11.245000","6a29cdc5a5548b7061fd28e4","kevinathy25@gmail.com","false"
"0","0","0","","","","","","0","","2300","","0","","","0","0","0","","","","","","0","0","","","","6a427935be1b68a560016cb9","","0","","","","0","0","","","Suporte Senior 1 ","0","","0","0","0","6a427ace4fdc4ab31a163335","2026-06-29T14:01:50.627000","2026-06-29T14:01:50.627000","6a29cdc5a5548b7061fd28e4","kevinathy25@gmail.com","false"
"0","0","0","","","","","","0","","2200","","0","","","0","0","0","","","","","","0","0","","","","6a427935be1b68a560016cb9","","0","","","","0","0","","","Suporte Pleno 3 ","0","","0","0","0","6a427a3b6a274063f7a3c77f","2026-06-29T13:59:23.468000","2026-06-29T13:59:23.468000","6a29cdc5a5548b7061fd28e4","kevinathy25@gmail.com","false"
"0","0","0","","","","","","0","","2100","","0","","","0","0","0","","","","","","0","0","","","","6a427935be1b68a560016cb9","","0","","","","0","0","","","Suporte Pleno 2 ","0","","0","0","0","6a427a05e0857d628ee02de0","2026-06-29T13:58:29.931000","2026-06-29T13:58:29.931000","6a29cdc5a5548b7061fd28e4","kevinathy25@gmail.com","false"
"0","0","0","","","","","","0","","2000","","0","","","0","0","0","","","","","","0","0","","","","6a427935be1b68a560016cb9","","0","","","","0","0","","","Suporte Pleno 1 ","0","","0","0","0","6a4279ed7fab917d8973516f","2026-06-29T13:58:05.465000","2026-06-29T13:58:05.465000","6a29cdc5a5548b7061fd28e4","kevinathy25@gmail.com","false"
"0","0","0","","","","","","0","","1900","","0","","","0","0","0","","","","","","0","0","","","","6a427935be1b68a560016cb9","","0","","","","0","0","","","Suporte Junior 2 ","0","","0","0","0","6a42798d2d88b395d2ecfd02","2026-06-29T13:56:29.049000","2026-06-29T13:56:29.049000","6a29cdc5a5548b7061fd28e4","kevinathy25@gmail.com","false"
"0","0","0","","","","","","0","","1800","","0","","","0","0","0","","","","","","0","0","","","","6a427935be1b68a560016cb9","","0","","","","0","0","","","Suporte Junior 1 ","0","","0","0","0","6a4279779c5f47372b3eba44","2026-06-29T13:56:07.187000","2026-06-29T21:36:38.253000","6a29cdc5a5548b7061fd28e4","kevinathy25@gmail.com","false"
"0","0","0","","","","","","0","","1800","","0","","","0","0","0","","","","","","0","0","","","","6a2af200a244bb166783e20a","","0","","","","0","0","","","Analista de Contingencia","0","","0","0","0","6a3ec5c1c92750a670c2a0b9","2026-06-26T18:32:33.521000","2026-06-26T18:32:33.521000","6a29cdc5a5548b7061fd28e4","kevinathy25@gmail.com","false"
"0","0","0","","","","","10","0","","2750","","0","","","0","0","1","5","","","0.5","","0","0","0.5","","0.8","","","0","","","","0","0","4","","Supervisor Analista Comercial","0","0.3","0","0","0","6a3ec224ab5246604d91029a","2026-06-26T18:17:08.108000","2026-08-04T16:45:21.295000","6a29cdc5a5548b7061fd28e4","kevinathy25@gmail.com","false"
"0","0","400","","","","","","3.5","","2800","","8.5","","","250","650","4","","","","","","10","10","","","","6a31b88a2df29a321b8c06e0","","4","","","","0","0","","","Analista Comercial Senior","4.5","","20000","1","7.5","6a3eadc88c215fbc5ab6e12d","2026-06-26T16:50:16.489000","2026-07-07T18:37:26.418000","6a29cdc5a5548b7061fd28e4","kevinathy25@gmail.com","false"
"0","0","375","","","","","","3.25","","2300","","7.5","","","250","600","3.5","","","","","","8.5","7.5","","","","6a31b88a2df29a321b8c06e0","","3.75","","","","0","0","","","Analista Comercial Pleno 3 ","4.25","","20000","1","6.5","6a3ead3dcc15da9fabd14a1b","2026-06-26T16:47:57.034000","2026-07-07T19:46:11.315000","6a29cdc5a5548b7061fd28e4","kevinathy25@gmail.com","false"
"0","0","350","","","","","","3","","2300","","7","","","250","550","3","","","","","","8","7.5","","","","6a31b88a2df29a321b8c06e0","","3.5","","","","0","0","","","Analista Comercial Pleno 2","4","","20000","1","6","6a3eab8bba018a8f2a0e00c5","2026-06-26T16:40:43.296000","2026-06-26T16:50:35.945000","6a29cdc5a5548b7061fd28e4","kevinathy25@gmail.com","false"
"0","0","325","","","","","","2.75","","2300","","6.5","","","250","500","2.5","","","","","","7.5","7.5","","","","6a31b88a2df29a321b8c06e0","","3.25","","","","0","0","","","Analista Comercial Pleno 1","3.75","","20000","1","5.5","6a3eaa30aae424d5116f831f","2026-06-26T16:34:56.800000","2026-07-07T18:37:10.735000","6a29cdc5a5548b7061fd28e4","kevinathy25@gmail.com","false"
"0","0","300","","","","","","2.5","","2000","","6","","","250","450","2","","","","","","7","5","","","","6a31b88a2df29a321b8c06e0","","3","","","","0","0","","","Analista Comercial Junior 3 ","3.5","","20000","1","5","6a3ea8cda9c653d886801007","2026-06-26T16:29:01.563000","2026-06-26T16:29:01.563000","6a29cdc5a5548b7061fd28e4","kevinathy25@gmail.com","false"
"0","0","275","","","","","","2.25","","2000","","5.5","","","250","400","1.5","","","","","","6.5","5","","","","6a31b88a2df29a321b8c06e0","","2.75","","","","0","0","","","Analista Comercial Junior 2","3.25","","20000","1","4.5","6a3e86bbf46418b68d342daa","2026-06-26T14:03:39.990000","2026-06-26T16:29:11.242000","6a29cdc5a5548b7061fd28e4","kevinathy25@gmail.com","false"
"0","0","250","","","","","","2","","2000","","5","","","250","350","1","","","","","","6","5","","","","6a31b88a2df29a321b8c06e0","","2.5","","","","0","0","","","Analista Comercial Junior 1","3","","20000","1","4","6a31b88a22a67fe216685494","2026-06-16T20:56:42.364000","2026-06-26T14:37:19.231000","service_328e29b3-21e0-463d-8877-03f0942dbde5","service+328e29b3-21e0-463d-8877-03f0942dbde5@no-reply.base44.com","false"
"0","0","","","","","","","","","4000","","","","","","","","","","","","","","","","","","6a29dbe75372841045a4eb15","","","","","","50","1000","","","Sup. de tipster","","","","","","6a31a79b63950d9d217f5632","2026-06-16T19:44:27.640000","2026-07-01T19:18:25.888000","6a29cdc5a5548b7061fd28e4","kevinathy25@gmail.com","false"
"0","0","","","","","","","","","3500","","","","","","","","","","","","","","","","","","","","","","","","50","1000","","","sênior","","","","","","6a31a76f82ad94c939376f9d","2026-06-16T19:43:43.954000","2026-06-16T19:43:43.954000","6a29cdc5a5548b7061fd28e4","kevinathy25@gmail.com","false"
"0","0","","","","","","","","","2000","","","","","","","","","","","","","","","","","","6a29dbe75372841045a4eb15","","","","","","35","500","","","Pleno","","","","","","6a31a73c2c335a7791a69029","2026-06-16T19:42:52.255000","2026-06-16T19:42:52.255000","6a29cdc5a5548b7061fd28e4","kevinathy25@gmail.com","false"
"0","0","","","","","","","","","8500","","","","","","","","","","","","","","","","","","6a29dbe75372841045a4eb15","","","","","","0","250","","","Gerente","","","","","","6a2c484cdab821575664e079","2026-06-12T17:56:28.655000","2026-09-01T17:17:21.684000","6a29cdc5a5548b7061fd28e4","kevinathy25@gmail.com","false"
"0","0","","","","","","","","","1500","","","","","","","","","","","","","","","","","","6a29dbe75372841045a4eb15","","","","","","20","250","","","Tipster Junior","","","","","","6a2aea0f3863771558e29b25","2026-06-11T17:02:07.928000","2026-07-01T16:18:57.976000","6a29cdc5a5548b7061fd28e4","kevinathy25@gmail.com","false"