"pix_key","base_salary","is_active","department_id","admission_date","name","dismissal_date","photo_url","job_title","email","career_level_id","id","created_date","updated_date","created_by_id","created_by","is_sample"
"75992574466","1900","false","6a427935be1b68a560016cb9","2025-08-06","Conrado Bispo dos Santos","2026-09-01","","Suporte","","6a42798d2d88b395d2ecfd02","6a8c796fa94af5584b146dcb","2026-08-24T17:03:43.700000","2026-09-01T18:05:51.061000","6a5fb70a92be3cc144295a1c","tayloroliver865@gmail.com","false"
"51.031.684/0001-20","","true","6a31b88a2df29a321b8c06e0","2024-04-01","Eduardo Kaique Ferreira Andrade","","","Analista Comercial","kaiqueandrade75@gmail.com","6a3ead3dcc15da9fabd14a1b","6a709a2e366c498c1f4a7f8a","2026-08-03T13:39:58.071000","2026-08-03T20:58:38.758000","6a4d3b246d1132bd00755b2e","alisson.backend@gmail.com","false"
"67.935.492/0001-88","1800","false","6a427935be1b68a560016cb9","","Raphaela Caroline Ventura Silva ","2026-08-31","https://base44.app/api/apps/6a29cdc5a5548b7061fd28e3/files/mp/public/6a29cdc5a5548b7061fd28e3/de3b898cf_WhatsAppImage2026-07-03at143647.jpeg","Suporte","","6a4279779c5f47372b3eba44","6a60ddac8c0b5cab3ee3e217","2026-07-22T15:11:40.024000","2026-09-01T17:40:39.431000","6a5fb70a92be3cc144295a1c","tayloroliver865@gmail.com","false"
"lfilipegordiano@gmail.com","306.45","false","6a427935be1b68a560016cb9","","Luiz Filipe Gordiano Simões ","2026-08-05","https://base44.app/api/apps/6a29cdc5a5548b7061fd28e3/files/mp/public/6a29cdc5a5548b7061fd28e3/26d1d98e2_LuizFilipeGordianoSimes.heif","Suporte","","6a42798d2d88b395d2ecfd02","6a60d5b8b31ff7d49b638115","2026-07-22T14:37:44.806000","2026-09-01T17:34:40.012000","6a5fb70a92be3cc144295a1c","tayloroliver865@gmail.com","false"
"61.248.809/0001-21","1800","false","6a29d079bcb95e650f1f7f34","2026-06-01","Nicolas Chong dos Santos Lima	","","","Social Media","","","6a4bfbada17ab091cd85255a","2026-07-06T19:02:05.568000","2026-07-10T18:47:28.284000","6a4545f853f87c4c1651c566","socialmedia@gruporoyalty.com","false"
"61.265.283/0001-98","1800","false","6a29d079bcb95e650f1f7f34","2026-06-01","Gabriel Chong dos Santos Lima 	","","","Social Media","gabrielchongbusiness@gmail.com","","6a4bfb73d97e239c1295ecde","2026-07-06T19:01:07.691000","2026-07-10T18:47:43.236000","6a4545f853f87c4c1651c566","socialmedia@gruporoyalty.com","false"
"61.248.809/0001-21		","","false","6a427935be1b68a560016cb9","2025-06-06","Nicolas Chong dos Santos Lima ","","","","","6a4279779c5f47372b3eba44","6a4805654a84ab5475ea8b17","2026-07-03T18:54:29.377000","2026-07-22T13:49:31.462000","6a29cdc5a5548b7061fd28e4","kevinathy25@gmail.com","false"
"54.674.477/0001-81","5000","true","6a427935be1b68a560016cb9","2025-07-01","Camila Noemi Muller (cunhada de Nascimento)","","","","","","6a480272a9d2df8c69b57497","2026-07-03T18:41:54.330000","2026-07-03T18:41:54.330000","6a29cdc5a5548b7061fd28e4","kevinathy25@gmail.com","false"
"61795389000101","","false","6a45649ec1af3390804bc2ef","","Carolline Santos da Silva","2026-08-31","","Editora - Luisa Mendes","","6a4564ba704d1893ad071a5b","6a47f8a8bda7df0c1a614d78","2026-07-03T18:00:08.640000","2026-09-01T17:39:35.274000","6a29cdc5a5548b7061fd28e4","kevinathy25@gmail.com","false"
"57642465000163","","true","6a31b88a2df29a321b8c06e0","2026-01-14","Bruna Rodrigues Pereira Cerqueira","","","Analista Comercial","","6a3eaa30aae424d5116f831f","6a47f86a80491566d5ceecd9","2026-07-03T17:59:06.530000","2026-08-26T19:50:49.878000","service_328e29b3-21e0-463d-8877-03f0942dbde5","service+328e29b3-21e0-463d-8877-03f0942dbde5@no-reply.base44.com","false"
"61082345000126","5000","true","6a46fd670e7a05bf595387fe","2024-08-01","Thiago Jatobá Galdino","","","Analista de Dados ","","","6a47f86a80491566d5ceecd6","2026-07-03T17:59:06.530000","2026-08-31T14:23:18.885000","service_328e29b3-21e0-463d-8877-03f0942dbde5","service+328e29b3-21e0-463d-8877-03f0942dbde5@no-reply.base44.com","false"
"54616274000139","1900","true","6a427935be1b68a560016cb9","2024-03-04","Caroline Araújo Guimarães","","","Suporte ","","6a42798d2d88b395d2ecfd02","6a47f86a80491566d5ceecd7","2026-07-03T17:59:06.530000","2026-08-24T17:07:17.374000","service_328e29b3-21e0-463d-8877-03f0942dbde5","service+328e29b3-21e0-463d-8877-03f0942dbde5@no-reply.base44.com","false"
"55249074000158","","true","6a47f171f807d9dc7e1ea7c2","2025-11-18","Julia Araújo da Silva Guimarães","","","Assistente","","6a47f4814f41d7a3b8639d9e","6a47f86a80491566d5ceecd8","2026-07-03T17:59:06.530000","2026-07-03T17:59:06.530000","service_328e29b3-21e0-463d-8877-03f0942dbde5","service+328e29b3-21e0-463d-8877-03f0942dbde5@no-reply.base44.com","false"
"","1800","false","6a42daa08287c90c0f416a3d","","Rogério Almeida Santos","2025-07-01","","","","","6a47d11aabb4adca8e09dfbb","2026-07-03T15:11:22.578000","2026-07-08T19:27:45.066000","6a29cdc5a5548b7061fd28e4","kevinathy25@gmail.com","false"
"66.494.631/0001-12","1900","true","6a42daa08287c90c0f416a3d","","Levi Simontom Araujo","","","","","","6a47d03c5a1b6ea33b983e3c","2026-07-03T15:07:40.814000","2026-08-31T21:35:33.690000","6a29cdc5a5548b7061fd28e4","kevinathy25@gmail.com","false"
"55.231.004/0001-72","2000","true","6a42daa08287c90c0f416a3d","","Diana Queiroz","","","","","","6a47d024c210f8aded32307d","2026-07-03T15:07:16.714000","2026-09-03T17:43:35.934000","6a29cdc5a5548b7061fd28e4","kevinathy25@gmail.com","false"
"60.514.125/0001-61","1800","false","6a42daa08287c90c0f416a3d","","Luiz Filipe Gordiano","2026-08-05","","","","6a4279779c5f47372b3eba44","6a47cf93a33bd2818a368002","2026-07-03T15:04:51.378000","2026-08-06T15:15:52.834000","6a29cdc5a5548b7061fd28e4","kevinathy25@gmail.com","false"
"59.078.177/0001-53","3500","true","6a46fd670e7a05bf595387fe","2025-01-15","Adrielle Miranda Magalhães Fonseca","","https://base44.app/api/apps/6940553fb7a0f144dee4b60d/files/public/6940553fb7a0f144dee4b60d/3fb29c90d_AdrieleMirandafoto.JPG","Gerente de Logística","","","6a46fe0f3c43ced7b6b154c9","2026-07-03T00:10:55.125000","2026-07-03T17:09:43.005000","service_328e29b3-21e0-463d-8877-03f0942dbde5","service+328e29b3-21e0-463d-8877-03f0942dbde5@no-reply.base44.com","false"
"56.069.626/0001-09","3000","true","6a46fd670e7a05bf595387fe","2026-01-14","Lavinia de Andrade Silva","","https://base44.app/api/apps/6940553fb7a0f144dee4b60d/files/public/6940553fb7a0f144dee4b60d/dca4b7ece_Capturadetela2025-12-17141005.png","Assistente Contábil","","","6a46fe0f3c43ced7b6b154d2","2026-07-03T00:10:55.125000","2026-07-03T17:09:43.005000","service_328e29b3-21e0-463d-8877-03f0942dbde5","service+328e29b3-21e0-463d-8877-03f0942dbde5@no-reply.base44.com","false"
"64783527000112","3000","true","6a46fd670e7a05bf595387fe","2026-02-02","Maria Clara Andrade Marques","","https://base44.app/api/apps/6940553fb7a0f144dee4b60d/files/public/6940553fb7a0f144dee4b60d/4c73fc266_MariaClaraAndradeMarques.jpeg","Assistente Financeiro","","","6a46fe0f3c43ced7b6b154d3","2026-07-03T00:10:55.125000","2026-07-03T17:09:43.005000","service_328e29b3-21e0-463d-8877-03f0942dbde5","service+328e29b3-21e0-463d-8877-03f0942dbde5@no-reply.base44.com","false"
"11838362525","1000","true","6a46fd670e7a05bf595387fe","2026-02-24","Melissa Dantas de Jesus","","https://base44.app/api/apps/6940553fb7a0f144dee4b60d/files/public/6940553fb7a0f144dee4b60d/6937b3a33_WhatsAppImage2026-02-24at133858.jpeg","Estágio RH","","","6a46fe0f3c43ced7b6b154d5","2026-07-03T00:10:55.125000","2026-07-03T17:09:43.005000","service_328e29b3-21e0-463d-8877-03f0942dbde5","service+328e29b3-21e0-463d-8877-03f0942dbde5@no-reply.base44.com","false"
"34.150.145/0001-90","8000","true","6a46fd670e7a05bf595387fe","2023-09-01","Rita Lopes","","","Diretora Financeira","","","6a46fe0f3c43ced7b6b154d0","2026-07-03T00:10:55.125000","2026-07-03T15:16:38.671000","service_328e29b3-21e0-463d-8877-03f0942dbde5","service+328e29b3-21e0-463d-8877-03f0942dbde5@no-reply.base44.com","false"
"63.802.681/0001-21","2500","true","6a46fd670e7a05bf595387fe","2025-11-18","Taina Nascimento Marques","","https://base44.app/api/apps/6940553fb7a0f144dee4b60d/files/public/6940553fb7a0f144dee4b60d/80a3607d0_TainNascimentoMarquesfoto.JPG","Assistente Pessoal","","","6a46fe0f3c43ced7b6b154d1","2026-07-03T00:10:55.125000","2026-07-03T17:09:43.005000","service_328e29b3-21e0-463d-8877-03f0942dbde5","service+328e29b3-21e0-463d-8877-03f0942dbde5@no-reply.base44.com","false"
"48737377000154","4500","true","6a46fd670e7a05bf595387fe","2025-04-23","Kewen de Jesus Santos","","https://base44.app/api/apps/6940553fb7a0f144dee4b60d/files/public/6940553fb7a0f144dee4b60d/e1aeada49_Kewenfoto.JPG","Barbeiro","","","6a46fe0f3c43ced7b6b154cd","2026-07-03T00:10:55.125000","2026-07-03T17:09:43.005000","service_328e29b3-21e0-463d-8877-03f0942dbde5","service+328e29b3-21e0-463d-8877-03f0942dbde5@no-reply.base44.com","false"
"66.660.441/0001-28","20000","true","6a46fd670e7a05bf595387fe","2024-04-10","Marcus Vinicius Oliveira Rios","","https://base44.app/api/apps/6940553fb7a0f144dee4b60d/files/public/6940553fb7a0f144dee4b60d/37a0449e2_MarcusRiosfoto.JPG","Jurídico","","","6a46fe0f3c43ced7b6b154ce","2026-07-03T00:10:55.125000","2026-07-03T17:09:43.005000","service_328e29b3-21e0-463d-8877-03f0942dbde5","service+328e29b3-21e0-463d-8877-03f0942dbde5@no-reply.base44.com","false"
"59.110.816/0001-10","2500","false","6a46fd670e7a05bf595387fe","2025-01-09","Devid Seixas Brandão","2026-07-10","https://base44.app/api/apps/6940553fb7a0f144dee4b60d/files/public/6940553fb7a0f144dee4b60d/efad8659e_Deividfoto.JPG","Assessor Jurídico","","","6a46fe0f3c43ced7b6b154ca","2026-07-03T00:10:55.125000","2026-07-16T18:31:13.148000","service_328e29b3-21e0-463d-8877-03f0942dbde5","service+328e29b3-21e0-463d-8877-03f0942dbde5@no-reply.base44.com","false"
"67705071000160","3000","true","6a46fd670e7a05bf595387fe","2026-06-17","Rafael Gomes de Oliveira","","https://base44.app/api/apps/6940553fb7a0f144dee4b60d/files/mp/public/6940553fb7a0f144dee4b60d/51f61f168_RafaelGomesdeOliveira.jpeg","Assistente Contábil","","","6a46fe0f3c43ced7b6b154d6","2026-07-03T00:10:55.125000","2026-07-03T17:09:43.005000","service_328e29b3-21e0-463d-8877-03f0942dbde5","service+328e29b3-21e0-463d-8877-03f0942dbde5@no-reply.base44.com","false"
"62001880000178","6500","true","6a46fd670e7a05bf595387fe","2024-06-17","Fernanda Aires Oliveira","","https://base44.app/api/apps/6940553fb7a0f144dee4b60d/files/public/6940553fb7a0f144dee4b60d/d265e3edd_FernandaAiresfoto.JPG","Supervisora Financeira","","","6a46fe0f3c43ced7b6b154cb","2026-07-03T00:10:55.125000","2026-07-03T17:09:43.005000","service_328e29b3-21e0-463d-8877-03f0942dbde5","service+328e29b3-21e0-463d-8877-03f0942dbde5@no-reply.base44.com","false"
"75992227927","3000","true","6a46fd670e7a05bf595387fe","","Tiago Lima","","","Engenheiro","","","6a46fe0f3c43ced7b6b154d4","2026-07-03T00:10:55.125000","2026-08-03T18:21:26.785000","service_328e29b3-21e0-463d-8877-03f0942dbde5","service+328e29b3-21e0-463d-8877-03f0942dbde5@no-reply.base44.com","false"
"61375336000123","4500","true","6a46fd670e7a05bf595387fe","2025-06-05","Natália Menezes Reis","","https://base44.app/api/apps/6940553fb7a0f144dee4b60d/files/public/6940553fb7a0f144dee4b60d/42fe038d8_WhatsAppImage2025-12-18at113757.jpeg","Gerente de RH","","","6a46fe0f3c43ced7b6b154cf","2026-07-03T00:10:55.125000","2026-07-03T17:09:43.005000","service_328e29b3-21e0-463d-8877-03f0942dbde5","service+328e29b3-21e0-463d-8877-03f0942dbde5@no-reply.base44.com","false"
"67.734.485/0001-18","2000","true","6a46fd670e7a05bf595387fe","2026-06-29","Luiz Eduardo Almeida Santos","","https://base44.app/api/apps/6940553fb7a0f144dee4b60d/files/mp/public/6940553fb7a0f144dee4b60d/508decfdd_WhatsAppImage2026-07-01at154739.jpeg","Assessor Jurídico","","","6a46fe0f3c43ced7b6b154d7","2026-07-03T00:10:55.125000","2026-07-03T17:09:43.005000","service_328e29b3-21e0-463d-8877-03f0942dbde5","service+328e29b3-21e0-463d-8877-03f0942dbde5@no-reply.base44.com","false"
"34.150.145/0001-90","12523","true","6a46fd670e7a05bf595387fe","2024-05-01","Jonas Cardoso Contabilidade","","","Contador","","","6a46fe0f3c43ced7b6b154cc","2026-07-03T00:10:55.125000","2026-07-03T15:16:38.671000","service_328e29b3-21e0-463d-8877-03f0942dbde5","service+328e29b3-21e0-463d-8877-03f0942dbde5@no-reply.base44.com","false"
"45736404000186","0","false","6a427c594ac540b2eff9b154","2025-07-07","Wendel Pereira de Azevedo Rêgo","2025-07-03","https://base44.app/api/apps/6940553fb7a0f144dee4b60d/files/public/6940553fb7a0f144dee4b60d/1c34ea3d2_WENDELPEREIRA.JPG","Programador Sênior","","6a4282ff595fab80055be225","6a46fb9c7df13132297d574b","2026-07-03T00:00:28.917000","2026-07-08T19:27:45.066000","service_328e29b3-21e0-463d-8877-03f0942dbde5","service+328e29b3-21e0-463d-8877-03f0942dbde5@no-reply.base44.com","false"
"52.350.688/0001-33","4000","false","6a427c594ac540b2eff9b154","2023-09-01","Daniel de Sousa Silva","2025-07-03","https://base44.app/api/apps/6940553fb7a0f144dee4b60d/files/public/6940553fb7a0f144dee4b60d/31c290b06_DanieldeSouzaSilvafoto.JPG","Programador","","6a4280ef2b4537d5f5b21b7f","6a46fb9c7df13132297d574c","2026-07-03T00:00:28.917000","2026-07-08T19:27:45.066000","service_328e29b3-21e0-463d-8877-03f0942dbde5","service+328e29b3-21e0-463d-8877-03f0942dbde5@no-reply.base44.com","false"
"66.458.369/0001-50","3500","false","6a427c594ac540b2eff9b154","2026-04-01","Arthur Soares Reis","2025-07-03","","DevOps","","6a4280da917f946387d32acd","6a46fb9c7df13132297d574f","2026-07-03T00:00:28.917000","2026-07-08T19:27:45.066000","service_328e29b3-21e0-463d-8877-03f0942dbde5","service+328e29b3-21e0-463d-8877-03f0942dbde5@no-reply.base44.com","false"
"086.819.695-95","7000","true","6a427c594ac540b2eff9b154","2023-09-01","Lucas Araújo Azevedo","","https://base44.app/api/apps/6940553fb7a0f144dee4b60d/files/public/6940553fb7a0f144dee4b60d/1173ada1b_LucasArajoAzevedo_GERENTEDETI.JPG","Gerente de Programação","","","6a46fb9c7df13132297d5749","2026-07-03T00:00:28.917000","2026-07-03T17:09:43.005000","service_328e29b3-21e0-463d-8877-03f0942dbde5","service+328e29b3-21e0-463d-8877-03f0942dbde5@no-reply.base44.com","false"
"ronaldoestrela@yahoo.com.br","6000","true","6a427c594ac540b2eff9b154","2025-01-29","José Ronaldo Cardoso Estrela","","https://base44.app/api/apps/6940553fb7a0f144dee4b60d/files/mp/public/6940553fb7a0f144dee4b60d/4449aeea6_JosRonaldoCardosoEstrela_TI.JPG","Programador Sênior","ronaldoestrela@yahoo.com.br","","6a46fb9c7df13132297d574a","2026-07-03T00:00:28.917000","2026-07-03T17:09:43.005000","service_328e29b3-21e0-463d-8877-03f0942dbde5","service+328e29b3-21e0-463d-8877-03f0942dbde5@no-reply.base44.com","false"
"57218599000151","3500","false","6a427c594ac540b2eff9b154","2024-09-10","Thalysson Igor Nascimento Dias","2025-07-03","https://base44.app/api/apps/6940553fb7a0f144dee4b60d/files/public/6940553fb7a0f144dee4b60d/ad0b9f042_ThalyssonIgorfoto.JPG","Programador","","6a4280da917f946387d32acd","6a46fb9c7df13132297d574d","2026-07-03T00:00:28.917000","2026-07-08T19:27:45.066000","service_328e29b3-21e0-463d-8877-03f0942dbde5","service+328e29b3-21e0-463d-8877-03f0942dbde5@no-reply.base44.com","false"
"65285177000127","3500","true","6a427c594ac540b2eff9b154","2026-02-23","Kleyon Almeida Coelho","","https://base44.app/api/apps/6940553fb7a0f144dee4b60d/files/public/6940553fb7a0f144dee4b60d/f1da5904b_WhatsAppImage2026-02-25at143534.jpeg","Programador","","6a4280da917f946387d32acd","6a46fb9c7df13132297d574e","2026-07-03T00:00:28.917000","2026-07-28T15:39:56.715000","service_328e29b3-21e0-463d-8877-03f0942dbde5","service+328e29b3-21e0-463d-8877-03f0942dbde5@no-reply.base44.com","false"
"53372562000122","5500","true","6a45649ec1af3390804bc2ef","2023-12-15","Rayan dos Santos Silva ","","https://base44.app/api/apps/6940553fb7a0f144dee4b60d/files/public/6940553fb7a0f144dee4b60d/27323a223_RayanSantyfoto.JPG","Gerente","","","6a458378411a5c38cac214ff","2026-07-01T21:15:36.933000","2026-07-01T22:27:41.627000","6a29cdc5a5548b7061fd28e4","kevinathy25@gmail.com","false"
"66.669.848/0001-16","","true","6a45649ec1af3390804bc2ef","2026-05-07","Thiago Oliveira Brandão ","","https://base44.app/api/apps/6940553fb7a0f144dee4b60d/files/mp/public/6940553fb7a0f144dee4b60d/0fc816627_Thiagoeditordevdeo.jpeg","","","6a4564ba704d1893ad071a5b","6a45824dbd9b7e6d3dfa0e44","2026-07-01T21:10:37.061000","2026-07-01T22:27:41.627000","6a29cdc5a5548b7061fd28e4","kevinathy25@gmail.com","false"
"67212816000150","1800","false","6a427935be1b68a560016cb9","2026-06-08","Vinicius dos Santos Medeiros ","2026-09-01","https://base44.app/api/apps/6940553fb7a0f144dee4b60d/files/mp/public/6940553fb7a0f144dee4b60d/4c8e8d19e_WhatsAppImage2026-06-09at093717.jpeg","","","6a4279779c5f47372b3eba44","6a457479d599ef0cb0592ef9","2026-07-01T20:11:37.056000","2026-09-01T19:08:31.972000","6a29cdc5a5548b7061fd28e4","kevinathy25@gmail.com","false"
"","","false","6a427935be1b68a560016cb9","2026-06-01","Poliana Fonseca Prado da Silva ","2025-07-03","https://base44.app/api/apps/6940553fb7a0f144dee4b60d/files/mp/public/6940553fb7a0f144dee4b60d/52b78f790_PolianaFonsecaPradodaSilva.jpeg","","","6a4279779c5f47372b3eba44","6a457451d9776e641e0e1ef3","2026-07-01T20:10:57.466000","2026-07-08T19:27:45.066000","6a29cdc5a5548b7061fd28e4","kevinathy25@gmail.com","false"
"54.090.067/0001-93		","2000","true","6a427935be1b68a560016cb9","2024-02-27","Ágata Bruna Oliveira da Anunciação ","","https://base44.app/api/apps/6940553fb7a0f144dee4b60d/files/public/6940553fb7a0f144dee4b60d/5f1c12836_WhatsAppImage2026-02-25at155415.jpeg","","","6a456df4f71e1ffede51e7ce","6a457418858f6d2a29e3aed0","2026-07-01T20:10:00.610000","2026-08-24T16:48:36.444000","6a29cdc5a5548b7061fd28e4","kevinathy25@gmail.com","false"
"57.419.973/0001-87		","4000","true","6a427935be1b68a560016cb9","2024-08-26","Willian Taylor Matos de Oliveira ","","https://base44.app/api/apps/6940553fb7a0f144dee4b60d/files/public/6940553fb7a0f144dee4b60d/4221c8352_WillianTaylorOliveiraoliverFOTO.JPG","","","6a42ca12fd946674572e95f5","6a4573c779155317e6b4e652","2026-07-01T20:08:39.181000","2026-07-22T16:34:26.379000","6a29cdc5a5548b7061fd28e4","kevinathy25@gmail.com","false"
"57.313.113.000.164","0","true","6a45649ec1af3390804bc2ef","2024-09-09","Gilvan Lucas Santana de Almeida","","","","","6a4564dc75bb0b4c1dff1d1d","6a4565ebd143cff2d1dccf0b","2026-07-01T19:09:31.930000","2026-08-03T14:37:54.554000","6a29cdc5a5548b7061fd28e4","kevinathy25@gmail.com","false"
"04435026333","1880","true","6a45649ec1af3390804bc2ef","2025-05-01","Iago Herculano Menezes","","","","","","6a4565ebd143cff2d1dccf0c","2026-07-01T19:09:31.930000","2026-08-03T14:38:05.409000","6a29cdc5a5548b7061fd28e4","kevinathy25@gmail.com","false"
"58477940000156","","true","6a45649ec1af3390804bc2ef","2024-06-12","Samuel Ribeiro de Jesus","","https://base44.app/api/apps/6940553fb7a0f144dee4b60d/files/mp/public/6940553fb7a0f144dee4b60d/78ef618a6_WhatsAppImage2026-05-17at191900.jpeg","","","6a4564dc75bb0b4c1dff1d1d","6a4565ebd143cff2d1dccf10","2026-07-01T19:09:31.930000","2026-07-01T22:27:41.627000","6a29cdc5a5548b7061fd28e4","kevinathy25@gmail.com","false"
"55356363000156","","false","6a45649ec1af3390804bc2ef","2024-12-01","Matheus Ribeiro Batista da Silva","2026-07-03","","","","6a4564dc75bb0b4c1dff1d1d","6a4565ebd143cff2d1dccf0d","2026-07-01T19:09:31.930000","2026-08-03T14:55:16.062000","6a29cdc5a5548b7061fd28e4","kevinathy25@gmail.com","false"
"62701496000188","","true","6a45649ec1af3390804bc2ef","2025-09-17","Carla Saionara Araujo Pereira Bastos","","https://base44.app/api/apps/6940553fb7a0f144dee4b60d/files/public/6940553fb7a0f144dee4b60d/fec575c4c_CarlaSaionarafoto.JPG","","","6a4564ca74f59026117e848e","6a4565ebd143cff2d1dccf0a","2026-07-01T19:09:31.930000","2026-07-01T22:27:41.627000","6a29cdc5a5548b7061fd28e4","kevinathy25@gmail.com","false"
"64696367000174","","true","6a45649ec1af3390804bc2ef","2026-01-13","Otniel Santos Machado","","https://base44.app/api/apps/6940553fb7a0f144dee4b60d/files/public/6940553fb7a0f144dee4b60d/e689a6baa_WhatsAppImage2026-03-02at212334.jpeg","","","6a4564ba704d1893ad071a5b","6a4565ebd143cff2d1dccf0e","2026-07-01T19:09:31.930000","2026-07-01T22:27:41.627000","6a29cdc5a5548b7061fd28e4","kevinathy25@gmail.com","false"
"55584842000120","5000","false","6a45649ec1af3390804bc2ef","2024-06-10","Pedro Lucas de Matos Ferreira","2026-07-07","https://base44.app/api/apps/6940553fb7a0f144dee4b60d/files/public/6940553fb7a0f144dee4b60d/1beaa3cf1_PedroLucasfoto.JPG","","","","6a4565ebd143cff2d1dccf08","2026-07-01T19:09:31.930000","2026-08-03T14:55:22.243000","6a29cdc5a5548b7061fd28e4","kevinathy25@gmail.com","false"
"61065796000155","","false","6a45649ec1af3390804bc2ef","2025-05-22","Arthur Francisco Santos Lefundes","2026-08-04","https://base44.app/api/apps/6940553fb7a0f144dee4b60d/files/public/6940553fb7a0f144dee4b60d/5a1d63038_ArthurFranciscofoto.JPG","","","6a4564ba704d1893ad071a5b","6a4565ebd143cff2d1dccf09","2026-07-01T19:09:31.930000","2026-08-06T15:14:35.154000","6a29cdc5a5548b7061fd28e4","kevinathy25@gmail.com","false"
"61757405305 (Rei)","2000","true","6a45649ec1af3390804bc2ef","2024-08-01","Philippi Lourenço da Silva","","","","","","6a4565ebd143cff2d1dccf0f","2026-07-01T19:09:31.930000","2026-08-03T14:38:10.523000","6a29cdc5a5548b7061fd28e4","kevinathy25@gmail.com","false"
"66.248.092/0001-31","","true","6a29dbe75372841045a4eb15","2026-04-15","Maike Machado Acosta","","","","","6a2aea0f3863771558e29b25","6a455d161df571fd144ac63a","2026-07-01T18:31:50.987000","2026-07-01T18:31:50.987000","6a29cdc5a5548b7061fd28e4","kevinathy25@gmail.com","false"
"64152915000103","","false","6a29dbe75372841045a4eb15","2025-12-01","Talis Natan Mayer da Fonseca ","2026-08-06","","","","6a2aea0f3863771558e29b25","6a455cf8aeb17117879b5668","2026-07-01T18:31:20.491000","2026-08-18T18:29:11.750000","6a29cdc5a5548b7061fd28e4","kevinathy25@gmail.com","false"
"65437834000104","","false","6a29dbe75372841045a4eb15","2025-05-05","Gustavo Henrique Ferreira de Oliveira ","2026-08-31","https://base44.app/api/apps/6940553fb7a0f144dee4b60d/files/public/6940553fb7a0f144dee4b60d/2ba7c7029_FOTOGUSTAVO.png","","","6a2aea0f3863771558e29b25","6a455cd92738d3c6ebe08131","2026-07-01T18:30:49.466000","2026-09-01T18:05:16.497000","6a29cdc5a5548b7061fd28e4","kevinathy25@gmail.com","false"
"62162133000111","","true","6a29dbe75372841045a4eb15","2026-02-02","Bruno Medeiros Soares ","","https://base44.app/api/apps/6940553fb7a0f144dee4b60d/files/public/6940553fb7a0f144dee4b60d/15b0f98e1_WhatsAppImage2026-02-25at121713.jpeg","","","6a2aea0f3863771558e29b25","6a455cbb3c3d875570a261d6","2026-07-01T18:30:19.674000","2026-07-01T22:27:41.627000","6a29cdc5a5548b7061fd28e4","kevinathy25@gmail.com","false"
"61001448000114","","false","6a29dbe75372841045a4eb15","2025-05-05","Victor Alves Araújo ","2026-08-31","https://base44.app/api/apps/6940553fb7a0f144dee4b60d/files/public/6940553fb7a0f144dee4b60d/3518a3e8d_victorantenafoto.JPG","","","6a2aea0f3863771558e29b25","6a455c93f657f16e9882c8aa","2026-07-01T18:29:39.199000","2026-09-01T18:04:54.642000","6a29cdc5a5548b7061fd28e4","kevinathy25@gmail.com","false"
"57365327000184","2000","true","6a2af200a244bb166783e20a","2024-08-20","João Vitor Gonçalves dos Santos Lima ","","https://base44.app/api/apps/6940553fb7a0f144dee4b60d/files/public/6940553fb7a0f144dee4b60d/af347d6e8_jooabacatefoto.JPG","Analista de Contingência","","","6a4554c4d9285cf9a64bc468","2026-07-01T17:56:20.625000","2026-08-31T21:24:05.406000","6a29cdc5a5548b7061fd28e4","kevinathy25@gmail.com","false"
"41 99839-9951","2300","false","6a29d079bcb95e650f1f7f34","2024-02-01","Ana Carolina Vieira HELDER ","","","Social Media Helder","","","6a454a81f8c78c3b865324d3","2026-07-01T17:12:33.371000","2026-08-05T14:18:26.215000","6a29cdc5a5548b7061fd28e4","kevinathy25@gmail.com","false"
"56238996000122","3500","false","6a29d079bcb95e650f1f7f34","2026-01-12","Skarlathy Rayane Santana Alvarenga ","2026-08-05","https://base44.app/api/apps/6940553fb7a0f144dee4b60d/files/public/6940553fb7a0f144dee4b60d/92d87820e_DSC_2477_Original.jpeg","Analista de produção e endomarketing","","","6a454a5461ccd03443a6e6b8","2026-07-01T17:11:48.063000","2026-08-06T15:15:04.900000","6a29cdc5a5548b7061fd28e4","kevinathy25@gmail.com","false"
"51.216.043/0001-40","2800","true","6a29d079bcb95e650f1f7f34","2026-05-15","Tamile Miranda Brito ","","https://base44.app/api/apps/6940553fb7a0f144dee4b60d/files/mp/public/6940553fb7a0f144dee4b60d/bdc32ce5f_IMG_5217JPG.jpeg","Assistente de Produção e endomarketing","","","6a454a1b5bdcb1b3ec75d42f","2026-07-01T17:10:51.651000","2026-08-26T17:07:59.389000","6a29cdc5a5548b7061fd28e4","kevinathy25@gmail.com","false"
"66393453000133","2000","true","6a29d079bcb95e650f1f7f34","2026-04-08","Thayná Costa Morais ","2026-08-31","https://base44.app/api/apps/6940553fb7a0f144dee4b60d/files/mp/public/6940553fb7a0f144dee4b60d/065a1f560_WhatsAppImage2026-04-23at134633.jpeg","Social Media Luisa","","","6a4549640240fb42f9abcb12","2026-07-01T17:07:48.433000","2026-09-01T18:14:04.121000","6a29cdc5a5548b7061fd28e4","kevinathy25@gmail.com","false"
"65.913.359/0001-03","2500","false","6a4523527a52ae4c53e907ea","2026-05-21","Giovanni de Assis Aguiar","2026-08-05","https://base44.app/api/apps/6940553fb7a0f144dee4b60d/files/mp/public/6940553fb7a0f144dee4b60d/c5d4add2e_WhatsAppImage2026-05-21at103947.jpeg","I.A/Tráfego","","","6a4523af3ec0bde83e449fb4","2026-07-01T14:26:55.269000","2026-08-06T15:16:06.933000","6a29cdc5a5548b7061fd28e4","kevinathy25@gmail.com","false"
"64.567.420/0001-37","2500","true","6a4523527a52ae4c53e907ea","2026-03-23","João Mateus Araujo Morais","","https://base44.app/api/apps/6940553fb7a0f144dee4b60d/files/mp/public/6940553fb7a0f144dee4b60d/577abb8fe_WhatsAppImage2026-03-31at141606.jpeg","I.A/Tráfego","","","6a4523af3ec0bde83e449fb0","2026-07-01T14:26:55.269000","2026-07-01T22:27:41.627000","6a29cdc5a5548b7061fd28e4","kevinathy25@gmail.com","false"
"67.240.737/0001-52","2200","true","6a4523527a52ae4c53e907ea","2026-06-10","Erick Levi Lima Ferreira","","https://base44.app/api/apps/6940553fb7a0f144dee4b60d/files/mp/public/6940553fb7a0f144dee4b60d/df937788b_ErickLeviLimaFerreira.jpeg","Editor de Vídeo com foco em IA","","","6a4523af3ec0bde83e449fb5","2026-07-01T14:26:55.269000","2026-07-03T15:20:38.792000","6a29cdc5a5548b7061fd28e4","kevinathy25@gmail.com","false"
"58488615000199","3800","true","6a4523527a52ae4c53e907ea","2024-12-16","Natali Motta Ribeiro Santana","","https://base44.app/api/apps/6940553fb7a0f144dee4b60d/files/public/6940553fb7a0f144dee4b60d/3a5599d8e_EQUIPE15.png","I.A","","","6a4523af3ec0bde83e449fb1","2026-07-01T14:26:55.269000","2026-07-01T22:27:41.627000","6a29cdc5a5548b7061fd28e4","kevinathy25@gmail.com","false"
"61.543.616/0001-01","2200","true","6a4523527a52ae4c53e907ea","2025-05-13","Matheus Mota Santos","","https://base44.app/api/apps/6940553fb7a0f144dee4b60d/files/public/6940553fb7a0f144dee4b60d/f7e154699_Matheusmotafoto.JPG","I.A","","","6a4523af3ec0bde83e449fb2","2026-07-01T14:26:55.269000","2026-07-01T22:27:41.627000","6a29cdc5a5548b7061fd28e4","kevinathy25@gmail.com","false"
"60.770.553/0001-55","2200","true","6a4523527a52ae4c53e907ea","2025-05-07","Rikelme Batista da Silva Viana","","https://base44.app/api/apps/6940553fb7a0f144dee4b60d/files/public/6940553fb7a0f144dee4b60d/48f91af39_Rikelmefoto.JPG","I.A","","","6a4523af3ec0bde83e449fb3","2026-07-01T14:26:55.269000","2026-07-01T22:27:41.627000","6a29cdc5a5548b7061fd28e4","kevinathy25@gmail.com","false"
"55250299000124","","true","6a29d079bcb95e650f1f7f37","2024-01-06","Monalisa Santos Silva","","https://base44.app/api/apps/6940553fb7a0f144dee4b60d/files/public/6940553fb7a0f144dee4b60d/69025c72d_MonalisaSantosSilvafoto.JPG","Gestor de tráfego senior","","6a446411c1dc267bce252e4f","6a4466826ae8ad5de83980ee","2026-07-01T00:59:46.869000","2026-07-01T22:27:41.627000","6a29cdc5a5548b7061fd28e4","kevinathy25@gmail.com","false"
"57665950000152","","true","6a29d079bcb95e650f1f7f37","2024-01-01","Andrey Jesus da Silva","","https://base44.app/api/apps/6940553fb7a0f144dee4b60d/files/public/6940553fb7a0f144dee4b60d/f75cbed6c_Andreyfoto.JPG","Supervisor de Tráfego","","6a4465889c7f08214fb3da20","6a4466826ae8ad5de83980ed","2026-07-01T00:59:46.869000","2026-07-01T22:27:41.627000","6a29cdc5a5548b7061fd28e4","kevinathy25@gmail.com","false"
"75981838311","","true","6a29d079bcb95e650f1f7f37","2024-05-15","Layra Passos Silva","","https://base44.app/api/apps/6940553fb7a0f144dee4b60d/files/public/6940553fb7a0f144dee4b60d/f0a7a415a_LayraPassosfoto.JPG","Gerente de Tráfego","","6a446539429d00ed082ffc3c","6a4466826ae8ad5de83980ec","2026-07-01T00:59:46.869000","2026-08-04T20:00:07.003000","6a29cdc5a5548b7061fd28e4","kevinathy25@gmail.com","false"
"59050426000100","","true","6a29d079bcb95e650f1f7f37","2025-05-05","Bruna Silva Sousa","","https://base44.app/api/apps/6940553fb7a0f144dee4b60d/files/public/6940553fb7a0f144dee4b60d/9b7f90d18_BrunaSilvaSouzafoto.JPG","Gestor de tráfego pago pleno 1","","6a446303f7b4ea8b1c4fc04c","6a4466826ae8ad5de83980ef","2026-07-01T00:59:46.869000","2026-07-01T22:27:41.627000","6a29cdc5a5548b7061fd28e4","kevinathy25@gmail.com","false"
"75991022292","","true","6a29d079bcb95e650f1f7f37","2025-07-10","Artur Carneiro Maia dos Santos","","https://base44.app/api/apps/6940553fb7a0f144dee4b60d/files/public/6940553fb7a0f144dee4b60d/cb91184df_ArturCarneiroMaiadosSantos.JPG","Gestor de tráfego pago junior 3","","6a4462b343de34203bbae33e","6a4466826ae8ad5de83980f0","2026-07-01T00:59:46.869000","2026-07-01T22:27:41.627000","6a29cdc5a5548b7061fd28e4","kevinathy25@gmail.com","false"
"60.474.595/0001-49","","false","6a29d079bcb95e650f1f7f37","2026-12-01","Rafaela Paim Almeida","2026-07-08","https://base44.app/api/apps/6940553fb7a0f144dee4b60d/files/mp/public/6940553fb7a0f144dee4b60d/38890a14e_WhatsAppImage2026-04-14at132243.jpeg","Gestor de tráfego junior 2","","6a445eddbb588bfd6fe6bdc2","6a4466826ae8ad5de83980f1","2026-07-01T00:59:46.869000","2026-07-16T19:12:11.858000","6a29cdc5a5548b7061fd28e4","kevinathy25@gmail.com","false"
"53.045.629/0001-14","","true","6a47f171f807d9dc7e1ea7c2","","Pierre de Matos Santos ","","","Gerente Comercial do Affiliates","","6a47f4928db123c310a3fcb4","6a43ff06c9930b8fb234d394","2026-06-30T17:38:14.568000","2026-08-19T19:26:29.346000","6a29cdc5a5548b7061fd28e4","kevinathy25@gmail.com","false"
"","","true","6a43fc44ad0012dafb312450","2024-10-08","Alexandre Moraes Silva ","","","Gerente comercial","","6a43fd3d81f23ee58bf20d94","6a43fec3f91916dc7c22c39d","2026-06-30T17:37:07.834000","2026-09-03T17:45:14.122000","6a29cdc5a5548b7061fd28e4","kevinathy25@gmail.com","false"
"","","true","6a43fc44ad0012dafb312450","2024-05-01","Diego Queiroz Amaral","","https://base44.app/api/apps/6940553fb7a0f144dee4b60d/files/public/6940553fb7a0f144dee4b60d/9b44e208e_Diegoqueirozfoto.JPG","Gerente de Projetos","","6a43fdb69d13224af800fa95","6a43fe9dafdc27708b191cb4","2026-06-30T17:36:29.004000","2026-07-01T22:27:41.627000","6a29cdc5a5548b7061fd28e4","kevinathy25@gmail.com","false"
"","","true","6a43fc44ad0012dafb312450","2024-05-01","Marina de Oliveira Carneiro e Carvalho ","","https://base44.app/api/apps/6940553fb7a0f144dee4b60d/files/public/6940553fb7a0f144dee4b60d/4f366ec44_Marinacarvalhofoto.JPG","Diretora ","","6a43fdebe499d05e6d29a076","6a43fe6bd711dff332446d1e","2026-06-30T17:35:39.799000","2026-07-01T22:27:41.627000","6a29cdc5a5548b7061fd28e4","kevinathy25@gmail.com","false"
"52716056000140","","true","6a42e463bc0f350fb9511a47","2023-09-21","Hiago Soares Oliveira","","https://base44.app/api/apps/6940553fb7a0f144dee4b60d/files/public/6940553fb7a0f144dee4b60d/1d91ace35_Hiagofoto.JPG","Líder de Projeto","","6a430c36c822f00b526166e8","6a430ca0a6ba010a0a6325d9","2026-06-30T00:24:00.104000","2026-07-01T22:27:41.627000","6a29cdc5a5548b7061fd28e4","kevinathy25@gmail.com","false"
"63.996.617/0001-29","","true","6a42e463bc0f350fb9511a47","2024-08-26","Caio Santos Marques Silva","","","Líder de Projeto","","6a430b56bca6a61166924060","6a430ca0a6ba010a0a6325d3","2026-06-30T00:24:00.104000","2026-07-01T20:08:55.388000","6a29cdc5a5548b7061fd28e4","kevinathy25@gmail.com","false"
"61572162000199","","true","6a42e463bc0f350fb9511a47","2025-05-12","Caio César Souza Silva","","https://base44.app/api/apps/6940553fb7a0f144dee4b60d/files/public/6940553fb7a0f144dee4b60d/2597ae73b_CaioCsarfoto.JPG","Líder de Projeto","","6a42e59ce8441ea36edb8423","6a430ca0a6ba010a0a6325d0","2026-06-30T00:24:00.104000","2026-07-01T22:27:41.627000","6a29cdc5a5548b7061fd28e4","kevinathy25@gmail.com","false"
"","","true","6a42e463bc0f350fb9511a47","2024-01-01","Luiz Henrique","","","Líder de Projeto","","6a430c36c822f00b526166e8","6a430ca0a6ba010a0a6325d7","2026-06-30T00:24:00.104000","2026-06-30T00:24:00.104000","6a29cdc5a5548b7061fd28e4","kevinathy25@gmail.com","false"
"54970714000151","","true","6a42e463bc0f350fb9511a47","2024-06-01","Luiz Rhavyer de Cerqueira Carneiro","","","Líder de Projeto","","6a430b7d6214bade8897cffc","6a430ca0a6ba010a0a6325d4","2026-06-30T00:24:00.104000","2026-07-01T20:08:55.402000","6a29cdc5a5548b7061fd28e4","kevinathy25@gmail.com","false"
"55399055000108","","true","6a42e463bc0f350fb9511a47","2024-05-24","Fabriny Aires dos Santos","","https://base44.app/api/apps/6940553fb7a0f144dee4b60d/files/public/6940553fb7a0f144dee4b60d/5af11c44c_Fabrinyairesfoto.JPG","Líder de Projeto","","6a430bb03663b9a13dc99244","6a430ca0a6ba010a0a6325d5","2026-06-30T00:24:00.104000","2026-07-01T22:27:41.627000","6a29cdc5a5548b7061fd28e4","kevinathy25@gmail.com","false"
"65958846000184","","true","6a42e463bc0f350fb9511a47","2024-01-01","Maria Eduarda Santana Daltro","","https://base44.app/api/apps/6940553fb7a0f144dee4b60d/files/public/6940553fb7a0f144dee4b60d/f60affd45_MariaEduardaSantanaDaltro_LDERDEPROJETO.JPG","Líder de Projeto","","6a430bebf3a209483db9134b","6a430ca0a6ba010a0a6325d6","2026-06-30T00:24:00.104000","2026-07-01T22:27:41.627000","6a29cdc5a5548b7061fd28e4","kevinathy25@gmail.com","false"
"50385051000157","","true","6a42e463bc0f350fb9511a47","2023-09-01","Davih Serapião Ferreira da Silva Andrade","","https://base44.app/api/apps/6940553fb7a0f144dee4b60d/files/public/6940553fb7a0f144dee4b60d/e8477d560_Davihserapiofoto1.JPG","Líder de Projeto","","6a430c36c822f00b526166e8","6a430ca0a6ba010a0a6325da","2026-06-30T00:24:00.104000","2026-07-01T22:27:41.627000","6a29cdc5a5548b7061fd28e4","kevinathy25@gmail.com","false"
"62.201.162/0001-45","","true","6a42e463bc0f350fb9511a47","2025-08-18","Ananda Costa dos Santos Costa","","https://base44.app/api/apps/6940553fb7a0f144dee4b60d/files/public/6940553fb7a0f144dee4b60d/53ee0c01e_Anandafoto.JPG","Líder de Projeto","","6a42e59ce8441ea36edb8423","6a430ca0a6ba010a0a6325d1","2026-06-30T00:24:00.104000","2026-07-01T22:27:41.627000","6a29cdc5a5548b7061fd28e4","kevinathy25@gmail.com","false"
"53391829000129","","true","6a42e463bc0f350fb9511a47","2024-03-18","Ruan Bezerra da Silva","","https://base44.app/api/apps/6940553fb7a0f144dee4b60d/files/public/6940553fb7a0f144dee4b60d/38be18a6c_Ruanbezerrafoto.JPG","Líder de Projeto","","6a430b56bca6a61166924060","6a430ca0a6ba010a0a6325d2","2026-06-30T00:24:00.104000","2026-07-01T22:27:41.627000","6a29cdc5a5548b7061fd28e4","kevinathy25@gmail.com","false"
"65207513000113","","true","6a42e463bc0f350fb9511a47","2024-02-01","Marlon Silva Caldas","","https://base44.app/api/apps/6940553fb7a0f144dee4b60d/files/public/6940553fb7a0f144dee4b60d/07366e58d_Marloncaldasfoto.JPG","Líder de Projeto","","6a430c36c822f00b526166e8","6a430ca0a6ba010a0a6325d8","2026-06-30T00:24:00.104000","2026-07-01T22:27:41.627000","6a29cdc5a5548b7061fd28e4","kevinathy25@gmail.com","false"
"57.347.000/0001-80","","true","6a31b88a2df29a321b8c06e0","2024-09-11","Mauricio Pires do Nascimento","","https://base44.app/api/apps/6940553fb7a0f144dee4b60d/files/public/6940553fb7a0f144dee4b60d/edd6a04a7_mauvikfoto.JPG","Analista Comercial","","6a3eadc88c215fbc5ab6e12d","6a430a4aaa14defbb02ee621","2026-06-30T00:14:02.517000","2026-08-03T20:58:38.758000","6a29cdc5a5548b7061fd28e4","kevinathy25@gmail.com","false"
"56.203.456/0001-03","","true","6a31b88a2df29a321b8c06e0","2025-05-01","Bruna Firmino Veloso","","https://base44.app/api/apps/6940553fb7a0f144dee4b60d/files/public/6940553fb7a0f144dee4b60d/0f5c489b2_brunafirminofoto2.JPG","Analista Comercial","","6a3eaa30aae424d5116f831f","6a430a4aaa14defbb02ee615","2026-06-30T00:14:02.517000","2026-08-03T20:58:38.758000","6a29cdc5a5548b7061fd28e4","kevinathy25@gmail.com","false"
"54.009.641/0001-36","","true","6a31b88a2df29a321b8c06e0","2024-03-01","Caik Vinicius dos Santos Lopes Carmo","","","Analista Comercial","","6a3eab8bba018a8f2a0e00c5","6a430a4aaa14defbb02ee616","2026-06-30T00:14:02.517000","2026-08-03T20:58:38.758000","6a29cdc5a5548b7061fd28e4","kevinathy25@gmail.com","false"
"58.643.119/0001-08","","true","6a31b88a2df29a321b8c06e0","2024-10-07","Joao Pedro Leite Gomes","","","Analista Comercial","","6a3eaa30aae424d5116f831f","6a430a4aaa14defbb02ee61d","2026-06-30T00:14:02.517000","2026-08-03T20:58:38.758000","6a29cdc5a5548b7061fd28e4","kevinathy25@gmail.com","false"
"56.203.456/0001-03","","true","6a31b88a2df29a321b8c06e0","2024-08-01","Brenda Firmino Veloso","","https://base44.app/api/apps/6940553fb7a0f144dee4b60d/files/public/6940553fb7a0f144dee4b60d/a538e4a2a_Brendafirminofoto2.JPG","Analista Comercial","","6a3ead3dcc15da9fabd14a1b","6a430a4aaa14defbb02ee614","2026-06-30T00:14:02.517000","2026-08-03T20:58:38.758000","6a29cdc5a5548b7061fd28e4","kevinathy25@gmail.com","false"
"58.431.129/0001-34","","true","6a31b88a2df29a321b8c06e0","2025-05-01","Matheus Pereira Santos","","","Analista Comercial","","6a3eaa30aae424d5116f831f","6a430a4aaa14defbb02ee620","2026-06-30T00:14:02.517000","2026-08-03T20:58:38.758000","6a29cdc5a5548b7061fd28e4","kevinathy25@gmail.com","false"
"57.403.702/0001-33","","false","6a31b88a2df29a321b8c06e0","2024-09-23","Lucas de Morais Silva","2025-07-07","https://base44.app/api/apps/6940553fb7a0f144dee4b60d/files/public/6940553fb7a0f144dee4b60d/082f92b1d_Lucasmoraesfoto.JPG","Analista Comercial","","6a3ea8cda9c653d886801007","6a430a4aaa14defbb02ee629","2026-06-30T00:14:02.517000","2026-08-03T20:58:38.758000","6a29cdc5a5548b7061fd28e4","kevinathy25@gmail.com","false"
"58.296.837/0001-00","","true","6a31b88a2df29a321b8c06e0","2024-07-01","Flávio Souza de Almeida","","https://base44.app/api/apps/6940553fb7a0f144dee4b60d/files/public/6940553fb7a0f144dee4b60d/246d0a915_Flviofoto.JPG","Supervisor Analista Comercial","","6a3ec224ab5246604d91029a","6a430a4aaa14defbb02ee60f","2026-06-30T00:14:02.517000","2026-08-03T20:58:38.758000","6a29cdc5a5548b7061fd28e4","kevinathy25@gmail.com","false"
"54.171.115/0001-78","","true","6a31b88a2df29a321b8c06e0","2024-10-01","Alisson Costa Brito","","https://base44.app/api/apps/6940553fb7a0f144dee4b60d/files/public/6940553fb7a0f144dee4b60d/04c9dee2a_Alissoncostafoto.JPG","Supervisor Analista Comercial","","6a3ec224ab5246604d91029a","6a430a4aaa14defbb02ee60e","2026-06-30T00:14:02.517000","2026-08-03T20:58:38.758000","6a29cdc5a5548b7061fd28e4","kevinathy25@gmail.com","false"
"61.722.242/0001-83","","true","6a31b88a2df29a321b8c06e0","2025-04-07","Thiago Carneiro Carvalho","","https://base44.app/api/apps/6940553fb7a0f144dee4b60d/files/public/6940553fb7a0f144dee4b60d/5390a55d7_thiagocarvalhofoto.JPG","Analista Comercial","","6a3eaa30aae424d5116f831f","6a430a4aaa14defbb02ee626","2026-06-30T00:14:02.517000","2026-08-03T20:58:38.758000","6a29cdc5a5548b7061fd28e4","kevinathy25@gmail.com","false"
"60.421.137/0001-41","","true","6a31b88a2df29a321b8c06e0","2025-05-05","Bernardo Fernandes Dias Filho","","https://base44.app/api/apps/6940553fb7a0f144dee4b60d/files/public/6940553fb7a0f144dee4b60d/f96f79966_Bernardofoto.JPG","Analista Comercial","","6a3eaa30aae424d5116f831f","6a430a4aaa14defbb02ee613","2026-06-30T00:14:02.517000","2026-08-03T20:58:38.758000","6a29cdc5a5548b7061fd28e4","kevinathy25@gmail.com","false"
"45.208.148/0001-54","","true","6a31b88a2df29a321b8c06e0","2024-12-01","Amanda Santos Bastos","","https://base44.app/api/apps/6940553fb7a0f144dee4b60d/files/public/6940553fb7a0f144dee4b60d/e17a463af_amandabastosfoto.JPG","Analista Comercial","","6a3eadc88c215fbc5ab6e12d","6a430a4aaa14defbb02ee612","2026-06-30T00:14:02.517000","2026-08-03T20:58:38.758000","6a29cdc5a5548b7061fd28e4","kevinathy25@gmail.com","false"
"65.079.591/0001-80","","false","6a31b88a2df29a321b8c06e0","2026-02-11","Gabriel Melo dos Santos","","","Analista Comercial","","6a31b88a22a67fe216685494","6a430a4aaa14defbb02ee627","2026-06-30T00:14:02.517000","2026-07-01T00:16:21.066000","6a29cdc5a5548b7061fd28e4","kevinathy25@gmail.com","false"
"54.068.236/0001-99","","true","6a31b88a2df29a321b8c06e0","2024-03-01","Carla Pietra Nascimento Lima","","https://base44.app/api/apps/6940553fb7a0f144dee4b60d/files/public/6940553fb7a0f144dee4b60d/32f89ca75_CarlaPietrafoto.JPG","Analista Comercial","","6a3eadc88c215fbc5ab6e12d","6a430a4aaa14defbb02ee617","2026-06-30T00:14:02.517000","2026-08-03T20:58:38.758000","6a29cdc5a5548b7061fd28e4","kevinathy25@gmail.com","false"
"65.495.888/0001-26","","true","6a31b88a2df29a321b8c06e0","2025-05-12","Livia Serra Soares de Santana","","https://base44.app/api/apps/6940553fb7a0f144dee4b60d/files/public/6940553fb7a0f144dee4b60d/f96232156_Liviaserrafoto.JPG","Analista Comercial","","6a3eaa30aae424d5116f831f","6a430a4aaa14defbb02ee61f","2026-06-30T00:14:02.517000","2026-09-01T16:13:39.013000","6a29cdc5a5548b7061fd28e4","kevinathy25@gmail.com","false"
"51.995.482/0001-06","","true","6a31b88a2df29a321b8c06e0","2024-08-09","Eduarda Serra Soares de Santana","","https://base44.app/api/apps/6940553fb7a0f144dee4b60d/files/public/6940553fb7a0f144dee4b60d/2453e1b11_eduardaserrafoto.JPG","Analista Comercial","","6a3eab8bba018a8f2a0e00c5","6a430a4aaa14defbb02ee61a","2026-06-30T00:14:02.517000","2026-09-01T16:15:14.187000","6a29cdc5a5548b7061fd28e4","kevinathy25@gmail.com","false"
"54.171.115/0001-78","","true","6a31b88a2df29a321b8c06e0","2024-06-17","Henderson Silva Perreira de Moraes","","https://base44.app/api/apps/6940553fb7a0f144dee4b60d/files/public/6940553fb7a0f144dee4b60d/0347039ea_Hendersonfoto.JPG","Supervisor Analista Comercial","","6a3ec224ab5246604d91029a","6a430a4aaa14defbb02ee610","2026-06-30T00:14:02.517000","2026-08-03T20:58:38.758000","6a29cdc5a5548b7061fd28e4","kevinathy25@gmail.com","false"
"61.020.329/0001-09","","true","6a31b88a2df29a321b8c06e0","2025-05-06","Pedro Henrique de Souza Santos","","","Analista Comercial","","6a3eab8bba018a8f2a0e00c5","6a430a4aaa14defbb02ee623","2026-06-30T00:14:02.517000","2026-09-01T16:14:53.788000","6a29cdc5a5548b7061fd28e4","kevinathy25@gmail.com","false"
"58.575.685/0001-84","3000","true","6a2af200a244bb166783e20a","2024-10-04","João Vitor Pereira da Silva Barreto","","https://base44.app/api/apps/6940553fb7a0f144dee4b60d/files/public/6940553fb7a0f144dee4b60d/e343d7321_joovitorpereira.JPG","Supervisor da Contigência","","","6a430a4aaa14defbb02ee61e","2026-06-30T00:14:02.517000","2026-08-26T19:53:55.670000","6a29cdc5a5548b7061fd28e4","kevinathy25@gmail.com","false"
"57.841.240/0001-36","2800","true","6a31b88a2df29a321b8c06e0","2024-08-19","Michael Vasconcelos de Jesus","","https://base44.app/api/apps/6940553fb7a0f144dee4b60d/files/public/6940553fb7a0f144dee4b60d/17c4662a8_Michaelfoto.JPG","Analista Comercial","","6a3eadc88c215fbc5ab6e12d","6a430a4aaa14defbb02ee622","2026-06-30T00:14:02.517000","2026-09-01T17:33:39.450000","6a29cdc5a5548b7061fd28e4","kevinathy25@gmail.com","false"
"58.778.501/0001-83","","true","6a31b88a2df29a321b8c06e0","2025-01-07","Gregory Iuri Lima Figueredo","","https://base44.app/api/apps/6940553fb7a0f144dee4b60d/files/public/6940553fb7a0f144dee4b60d/7e16ad349_Gregorychavinhofoto.JPG","Analista Comercial","","6a3eab8bba018a8f2a0e00c5","6a430a4aaa14defbb02ee61c","2026-06-30T00:14:02.517000","2026-09-01T16:15:32.818000","6a29cdc5a5548b7061fd28e4","kevinathy25@gmail.com","false"
"54.929.857/0001-10","","true","6a31b88a2df29a321b8c06e0","2024-04-05","Rafael Andrade da Silva Costa","","https://base44.app/api/apps/6940553fb7a0f144dee4b60d/files/public/6940553fb7a0f144dee4b60d/9df84e3c0_rafaelratofoto.JPG","Analista Comercial","","6a3eaa30aae424d5116f831f","6a430a4aaa14defbb02ee624","2026-06-30T00:14:02.517000","2026-08-03T20:58:38.758000","6a29cdc5a5548b7061fd28e4","kevinathy25@gmail.com","false"
"53.835.723/0001-77","","true","6a31b88a2df29a321b8c06e0","2026-01-29","Cauã Lobo de Oliveira Almeida","","https://base44.app/api/apps/6940553fb7a0f144dee4b60d/files/public/6940553fb7a0f144dee4b60d/a221d2f15_Capturadetela2026-01-14174543.png","Analista Comercial","","6a3e86bbf46418b68d342daa","6a430a4aaa14defbb02ee618","2026-06-30T00:14:02.517000","2026-09-01T16:15:51.012000","6a29cdc5a5548b7061fd28e4","kevinathy25@gmail.com","false"
"65.178.792/0001-34","","false","6a31b88a2df29a321b8c06e0","2026-02-18","Romusa Iasmin Suzart Mota","","","Analista Comercial","","6a31b88a22a67fe216685494","6a430a4aaa14defbb02ee628","2026-06-30T00:14:02.517000","2026-08-03T20:58:38.758000","6a29cdc5a5548b7061fd28e4","kevinathy25@gmail.com","false"
"57.598.156/0001-33","","true","6a31b88a2df29a321b8c06e0","2024-09-11","Roque Bulhões Bittencourt Neto","","https://base44.app/api/apps/6940553fb7a0f144dee4b60d/files/public/6940553fb7a0f144dee4b60d/319673856_Roquebulhoesfoto.JPG","Analista Comercial","","6a3ead3dcc15da9fabd14a1b","6a430a4aaa14defbb02ee625","2026-06-30T00:14:02.517000","2026-08-03T20:58:38.758000","6a29cdc5a5548b7061fd28e4","kevinathy25@gmail.com","false"
"62.148.610/0001-94","2500","false","6a42daa93b1750772c764f81","","Ítalo Santos Gomes Pereira","2025-07-01","","ASSESSOR DE IMPRENSA","","","6a4308fb7aea0c74ff7263ab","2026-06-30T00:08:27.251000","2026-07-08T19:27:45.066000","6a29cdc5a5548b7061fd28e4","kevinathy25@gmail.com","false"
"58488615000199","3800","true","6a42daa93b1750772c764f81","","Kevin Joilton Souza Adorno","","https://base44.app/api/apps/6940553fb7a0f144dee4b60d/files/public/6940553fb7a0f144dee4b60d/d01faea24_KevinAdornofoto.JPG","ASSESSOR DE COMUNICAÇÃO","","","6a4308ce96119ea0cb62ce9c","2026-06-30T00:07:42.780000","2026-07-01T22:27:41.627000","6a29cdc5a5548b7061fd28e4","kevinathy25@gmail.com","false"
"64.379.354/0001-71","2500","false","6a42daa93b1750772c764f81","","Isabella Venâncio Campos","2025-07-01","","ASSESSORA DE IMPRENSA","","","6a43089455119e1ec96aaf45","2026-06-30T00:06:44.468000","2026-07-08T19:27:45.066000","6a29cdc5a5548b7061fd28e4","kevinathy25@gmail.com","false"
"57.130.364/0001-03","3000","false","6a42daa93b1750772c764f81","","Maria Gabriella da Silva Reis","2026-08-04","https://base44.app/api/apps/6940553fb7a0f144dee4b60d/files/public/6940553fb7a0f144dee4b60d/ea61e2bc4_MariaGabrielareisfoto.JPG","ASSESSORA DE IMPRENSA","","","6a430875579ea150ca61a950","2026-06-30T00:06:13.259000","2026-08-06T15:14:49.635000","6a29cdc5a5548b7061fd28e4","kevinathy25@gmail.com","false"
"61.832.177/0001-49","4000","true","6a42daa93b1750772c764f81","","Rodolfo Araujo Mascarenhas","","","GERENTE DE COMUNICAÇÃO","","","6a43084ca9be67307380c9c5","2026-06-30T00:05:32.286000","2026-07-01T16:44:03.157000","6a29cdc5a5548b7061fd28e4","kevinathy25@gmail.com","false"
"","6000","false","6a42daa08287c90c0f416a3d","","Andre Stehling Luciano","2026-07-10","","GERENTE COMERCIAL FEIRA FC","","","6a43075cccf29ae2acaf14b5","2026-06-30T00:01:32.519000","2026-09-01T17:21:17.102000","6a29cdc5a5548b7061fd28e4","kevinathy25@gmail.com","false"
"","3000","false","6a42daa08287c90c0f416a3d","","Leandro Taislan Pereira Souza Bahia","2025-07-01","","EDITOR DE VÍDEO / FILMAKER ","","","6a4307208a4df14b738cb128","2026-06-30T00:00:32.285000","2026-07-08T19:34:43.941000","6a29cdc5a5548b7061fd28e4","kevinathy25@gmail.com","false"
"","3000","true","6a42daa08287c90c0f416a3d","","Peterson Yago dos Santos Silva","","","EDITOR DE VÍDEO","","","6a4306ec5a60623679040a5a","2026-06-29T23:59:40.882000","2026-06-29T23:59:40.882000","6a29cdc5a5548b7061fd28e4","kevinathy25@gmail.com","false"
"","2300","true","6a45649ec1af3390804bc2ef","","Emanuel de Jesus Santos Santana ","","https://base44.app/api/apps/6940553fb7a0f144dee4b60d/files/mp/public/6940553fb7a0f144dee4b60d/23be315b1_WhatsAppImage2026-03-18at213246.jpeg","DESIGNER ","","","6a4306bc7aea0c74ff725f60","2026-06-29T23:58:52.673000","2026-08-31T15:08:56.757000","6a29cdc5a5548b7061fd28e4","kevinathy25@gmail.com","false"
"","4000","false","6a42daa08287c90c0f416a3d","2026-01-06","Tomas Jeymisson Ferreira Alves","2026-07-31","https://base44.app/api/apps/6940553fb7a0f144dee4b60d/files/public/6940553fb7a0f144dee4b60d/e44fbd598_TomasJeymissonFerreiraAlves.jpeg"," NARRADOR + PRODUTOR DE CONTEÚDO ","","","6a43066c062c4adc215f3142","2026-06-29T23:57:32.268000","2026-09-01T17:19:14.741000","6a29cdc5a5548b7061fd28e4","kevinathy25@gmail.com","false"
"","3000","false","6a42daa08287c90c0f416a3d","","Marcus William Alves Patricio","2026-07-31","","DESIGNER","","","6a4306344c64ee419a389382","2026-06-29T23:56:36.239000","2026-09-01T17:25:11.806000","6a29cdc5a5548b7061fd28e4","kevinathy25@gmail.com","false"
"","3500","false","6a42daa08287c90c0f416a3d","","Fabiano Gomes Silva","2026-07-31","https://base44.app/api/apps/6940553fb7a0f144dee4b60d/files/public/6940553fb7a0f144dee4b60d/777930b04_FabianoGomesfoto.JPG","ASSISTENTE DE LOGISTICA E OPERADOR DE TRANSMISSÃO","","","6a43060332af8e0c5712050e","2026-06-29T23:55:47.950000","2026-09-01T17:19:43.028000","6a29cdc5a5548b7061fd28e4","kevinathy25@gmail.com","false"
"04779733547","8000","false","6a42daa08287c90c0f416a3d","","Maycon Kellvyn Negreiros Lima","2026-07-31","https://base44.app/api/apps/6940553fb7a0f144dee4b60d/files/public/6940553fb7a0f144dee4b60d/6ae89eb6f_MKNLfoto.JPG","FILMMAKER ","","","6a4305d3b3df017c6342d562","2026-06-29T23:54:59.262000","2026-09-01T17:24:46.909000","6a29cdc5a5548b7061fd28e4","kevinathy25@gmail.com","false"
"","2500","false","6a42daa08287c90c0f416a3d","","Enzo Alvim Britto","2026-07-21","https://base44.app/api/apps/6940553fb7a0f144dee4b60d/files/mp/public/6940553fb7a0f144dee4b60d/52f07fcaf_WhatsAppImage2026-05-06at142507.jpeg","SOCIAL MEDIA / FOTOGRAFO","","","6a4305ac2e6f83bb6a7a6823","2026-06-29T23:54:20.766000","2026-09-01T17:20:07.562000","6a29cdc5a5548b7061fd28e4","kevinathy25@gmail.com","false"
"","3000","true","6a42daa08287c90c0f416a3d","","Maria Eduarda Borges Alves","","https://base44.app/api/apps/6940553fb7a0f144dee4b60d/files/public/6940553fb7a0f144dee4b60d/7cc89e029_MariaEduardaBorges-foto.png","SOCIAL MEDIA","","","6a43058437ea2fc596dd4b1e","2026-06-29T23:53:40.841000","2026-07-01T22:27:41.627000","6a29cdc5a5548b7061fd28e4","kevinathy25@gmail.com","false"
"52355833000179","3000","false","6a42daa08287c90c0f416a3d","","Isabela Ferreira Guerra Garcia","2025-07-01","","SOCIAL MEDIA","","","6a430562fef3814f39173b1f","2026-06-29T23:53:06.840000","2026-07-08T19:34:43.471000","6a29cdc5a5548b7061fd28e4","kevinathy25@gmail.com","false"
"43939624000181","3800","true","6a29d079bcb95e650f1f7f34","2025-05-13","Lavinia Carvalho de Santana Carneiro ","","https://base44.app/api/apps/6940553fb7a0f144dee4b60d/files/public/6940553fb7a0f144dee4b60d/c1dc45c0f_LaviniaCarvalhofoto.JPG","Social Media Sênior 1","","6a428575d65cdee10d9e6441","6a4304a54652aca0f663d52a","2026-06-29T23:49:57.766000","2026-08-05T14:22:50.811000","6a29cdc5a5548b7061fd28e4","kevinathy25@gmail.com","false"
"59647517000110","3800","true","6a29d079bcb95e650f1f7f34","2025-02-19","Karoline Mascarenhas Lima ","","https://base44.app/api/apps/6940553fb7a0f144dee4b60d/files/public/6940553fb7a0f144dee4b60d/ba4442101_Karolmascarenhasfoto.JPG","Social Media Sênior","","6a428575d65cdee10d9e6441","6a430281ef3cba6fb7675aea","2026-06-29T23:40:49.257000","2026-08-05T14:19:26.010000","6a29cdc5a5548b7061fd28e4","kevinathy25@gmail.com","false"
"56.780.765/0001-46","","true","6a29d079bcb95e650f1f7f34","2024-08-01","Rosana Almeida Santos ","","https://base44.app/api/apps/6940553fb7a0f144dee4b60d/files/public/6940553fb7a0f144dee4b60d/05874dc4f_Capturadetela2025-12-18114119.png","Gerente de Marketing","","6a42e8a45719c09280520c2b","6a430082a90506f5671aa82b","2026-06-29T23:32:18.567000","2026-07-01T22:27:41.627000","6a29cdc5a5548b7061fd28e4","kevinathy25@gmail.com","false"
"12345667","","true","6a42e463bc0f350fb9511a47","2025-03-12","Carla da silva","","","","","6a42e59ce8441ea36edb8423","6a42e5bc707b4bb9d3e1d7ab","2026-06-29T21:38:04.309000","2026-06-29T21:38:04.309000","6a29cdc5a5548b7061fd28e4","kevinathy25@gmail.com","false"
"","3500","true","6a45649ec1af3390804bc2ef","","João Victor Alves Matos","","https://base44.app/api/apps/6940553fb7a0f144dee4b60d/files/public/6940553fb7a0f144dee4b60d/fc1c48373_JooVictoralvesfoto.JPG","EDITOR DE VÍDEO","","","6a42de7595ca4a891a7716d1","2026-06-29T21:07:01.433000","2026-08-31T14:51:30.373000","6a29cdc5a5548b7061fd28e4","kevinathy25@gmail.com","false"
"59.067.568/0001-72","3500","true","6a42daa08287c90c0f416a3d","","Gabriel Gomes Barreto","","","HEAD DE CONTEÚDO","","","6a42dcdab269c65cd32b3165","2026-06-29T21:00:10.368000","2026-07-03T16:20:44.004000","6a29cdc5a5548b7061fd28e4","kevinathy25@gmail.com","false"
"60802585000195","6000","true","6a29d079bcb95e650f1f7f34","2025-05-05","Iago Pedrozo Ferreira","","https://base44.app/api/apps/6940553fb7a0f144dee4b60d/files/public/6940553fb7a0f144dee4b60d/3cb53c205_IagoPortofoto.JPG","CMO","","","6a42dc0ba19e205f5a691948","2026-06-29T20:56:43.005000","2026-07-22T20:09:36.383000","6a29cdc5a5548b7061fd28e4","kevinathy25@gmail.com","false"
"59.852.342/0001-82","4000","true","6a42daa08287c90c0f416a3d","2025-05-11","Laís Carneiro Rios Mendes ","","","Gerente de Marketing","","","6a42dbb557e155d246c3ebf3","2026-06-29T20:55:17.194000","2026-07-01T16:44:03.157000","6a29cdc5a5548b7061fd28e4","kevinathy25@gmail.com","false"
"62906980000143","","false","6a29d079bcb95e650f1f7f34","","Ana Rebeka Barbosa dos Santos","2025-07-01","","","","6a4284553e9d2604954eccb2","6a42d1e8f3ba6d37b31dc7a0","2026-06-29T20:13:28.454000","2026-07-08T19:27:45.066000","service_328e29b3-21e0-463d-8877-03f0942dbde5","service+328e29b3-21e0-463d-8877-03f0942dbde5@no-reply.base44.com","false"
"43.448.613/0001-07","","true","6a29d079bcb95e650f1f7f34","2025-06-09","Matheus Nascimento de Santana","","https://base44.app/api/apps/6a29cdc5a5548b7061fd28e3/files/mp/public/6a29cdc5a5548b7061fd28e3/6eb4a2d21_MATHEUSNASCIMENTO2.jpeg","","","6a4284ad5d6d875f2dd4c561","6a42d1e8f3ba6d37b31dc7a7","2026-06-29T20:13:28.454000","2026-08-05T14:20:30.543000","service_328e29b3-21e0-463d-8877-03f0942dbde5","service+328e29b3-21e0-463d-8877-03f0942dbde5@no-reply.base44.com","false"
"61760474000126","","true","6a29d079bcb95e650f1f7f34","2025-08-18","Lucas Silva de Jesus Souza","","https://base44.app/api/apps/6940553fb7a0f144dee4b60d/files/public/6940553fb7a0f144dee4b60d/08b2a227f_Lucassilvafoto.JPG","","","6a42849e897c5fa4087f9152","6a42d1e8f3ba6d37b31dc7a5","2026-06-29T20:13:28.454000","2026-07-01T22:27:41.627000","service_328e29b3-21e0-463d-8877-03f0942dbde5","service+328e29b3-21e0-463d-8877-03f0942dbde5@no-reply.base44.com","false"
"08024458535","3000","false","6a29d079bcb95e650f1f7f34","","Iris do Espirito Santo Souza","2026-08-31","","Social Media","","","6a42d1e8f3ba6d37b31dc7a4","2026-06-29T20:13:28.454000","2026-09-01T17:40:14.008000","service_328e29b3-21e0-463d-8877-03f0942dbde5","service+328e29b3-21e0-463d-8877-03f0942dbde5@no-reply.base44.com","false"
"56.136.152/0001-70","","true","6a29d079bcb95e650f1f7f34","2026-02-18","Leticia Souza Lima","","https://base44.app/api/apps/6a29cdc5a5548b7061fd28e3/files/mp/public/6a29cdc5a5548b7061fd28e3/828518fcc_LetciaSouza.jpeg","","","6a42849e897c5fa4087f9152","6a42d1e8f3ba6d37b31dc7a6","2026-06-29T20:13:28.454000","2026-08-05T14:21:57.490000","service_328e29b3-21e0-463d-8877-03f0942dbde5","service+328e29b3-21e0-463d-8877-03f0942dbde5@no-reply.base44.com","false"
"43747545000179","","true","6a29d079bcb95e650f1f7f34","2026-03-10","Lucas Fortunato Falcão de Santana","","https://base44.app/api/apps/6940553fb7a0f144dee4b60d/files/public/6940553fb7a0f144dee4b60d/29473dfbe_LucasFortunato.jpeg","","","6a4284553e9d2604954eccb2","6a42d1e8f3ba6d37b31dc7a1","2026-06-29T20:13:28.454000","2026-07-01T22:27:41.627000","service_328e29b3-21e0-463d-8877-03f0942dbde5","service+328e29b3-21e0-463d-8877-03f0942dbde5@no-reply.base44.com","false"
"","","true","6a29d079bcb95e650f1f7f34","2026-06-10","Enzo Amaral Caribé","","https://base44.app/api/apps/6a29cdc5a5548b7061fd28e3/files/mp/public/6a29cdc5a5548b7061fd28e3/55ad2c661_EnzoCarib.jpeg","","","6a4284553e9d2604954eccb2","6a42d1e8f3ba6d37b31dc7a2","2026-06-29T20:13:28.454000","2026-08-05T14:22:12.808000","service_328e29b3-21e0-463d-8877-03f0942dbde5","service+328e29b3-21e0-463d-8877-03f0942dbde5@no-reply.base44.com","false"
"60698331000179","","false","6a29d079bcb95e650f1f7f34","2026-03-13","Ana Cecilia Gomes Santiago","2025-07-01","","","","6a4284553e9d2604954eccb2","6a42d1e8f3ba6d37b31dc7a3","2026-06-29T20:13:28.454000","2026-07-08T19:27:45.066000","service_328e29b3-21e0-463d-8877-03f0942dbde5","service+328e29b3-21e0-463d-8877-03f0942dbde5@no-reply.base44.com","false"
"63996617000129","1900","true","6a427935be1b68a560016cb9","2025-11-21","Maria Eduarda Silva Santos","","https://base44.app/api/apps/6940553fb7a0f144dee4b60d/files/public/6940553fb7a0f144dee4b60d/514707127_MariaEduardaSilva.JPG","","","6a42798d2d88b395d2ecfd02","6a42cfc8dd51b97aafad57b8","2026-06-29T20:04:24.898000","2026-07-22T16:45:57.373000","service_328e29b3-21e0-463d-8877-03f0942dbde5","service+328e29b3-21e0-463d-8877-03f0942dbde5@no-reply.base44.com","false"
"55847540000105","2000","true","6a427935be1b68a560016cb9","2024-07-01","Maria Eduarda Nascimento Guedes","","https://base44.app/api/apps/6940553fb7a0f144dee4b60d/files/mp/public/6940553fb7a0f144dee4b60d/f16a0f52b_EQUIPE6.png","","","6a4279ed7fab917d8973516f","6a42cfc8dd51b97aafad57b9","2026-06-29T20:04:24.898000","2026-08-24T16:48:53.263000","service_328e29b3-21e0-463d-8877-03f0942dbde5","service+328e29b3-21e0-463d-8877-03f0942dbde5@no-reply.base44.com","false"
"61.035.164/0001-49","1800","false","6a42daa08287c90c0f416a3d","2026-02-02","Ayana Lara Carneiro Rios","2025-07-03","https://base44.app/api/apps/6940553fb7a0f144dee4b60d/files/public/6940553fb7a0f144dee4b60d/c49b47b90_WhatsAppImage2026-02-25at120128.jpeg","","","6a4279779c5f47372b3eba44","6a42cfc8dd51b97aafad579e","2026-06-29T20:04:24.898000","2026-07-08T19:27:45.066000","service_328e29b3-21e0-463d-8877-03f0942dbde5","service+328e29b3-21e0-463d-8877-03f0942dbde5@no-reply.base44.com","false"
"64.782.405/0001-01","1900","true","6a427935be1b68a560016cb9","2024-06-01","Vivian Hock","","","","","6a42798d2d88b395d2ecfd02","6a42cfc8dd51b97aafad579f","2026-06-29T20:04:24.898000","2026-07-22T16:34:39.816000","service_328e29b3-21e0-463d-8877-03f0942dbde5","service+328e29b3-21e0-463d-8877-03f0942dbde5@no-reply.base44.com","false"
"54.932.810/0001-05","1900","false","6a427935be1b68a560016cb9","2024-07-01","João Victor Gordiano Simões","2026-08-05","","","","6a42798d2d88b395d2ecfd02","6a42cfc8dd51b97aafad57a5","2026-06-29T20:04:24.898000","2026-08-06T15:15:31.334000","service_328e29b3-21e0-463d-8877-03f0942dbde5","service+328e29b3-21e0-463d-8877-03f0942dbde5@no-reply.base44.com","false"
"58.823.758/0001-84","1900","false","6a427935be1b68a560016cb9","","Ana Paula Wolak","2026-08-31","","","","6a42798d2d88b395d2ecfd02","6a42cfc8dd51b97aafad57ae","2026-06-29T20:04:24.898000","2026-09-01T17:37:17.660000","service_328e29b3-21e0-463d-8877-03f0942dbde5","service+328e29b3-21e0-463d-8877-03f0942dbde5@no-reply.base44.com","false"
"57.681.145/0001-12","1900","false","6a427935be1b68a560016cb9","2024-08-26","Maria Menezes Silva Landeiro","2026-09-03","","","","6a42798d2d88b395d2ecfd02","6a42cfc8dd51b97aafad57b5","2026-06-29T20:04:24.898000","2026-09-04T19:33:34.465000","service_328e29b3-21e0-463d-8877-03f0942dbde5","service+328e29b3-21e0-463d-8877-03f0942dbde5@no-reply.base44.com","false"
"55261442000183","2000","true","6a427935be1b68a560016cb9","2024-05-13","Hanna Victoria Santos Moraes","","https://base44.app/api/apps/6940553fb7a0f144dee4b60d/files/public/6940553fb7a0f144dee4b60d/01e2ab7bc_hannavictoriafoto.JPG","","","6a4279ed7fab917d8973516f","6a42cfc8dd51b97aafad57bb","2026-06-29T20:04:24.898000","2026-07-22T16:46:29.315000","service_328e29b3-21e0-463d-8877-03f0942dbde5","service+328e29b3-21e0-463d-8877-03f0942dbde5@no-reply.base44.com","false"
"65917384000157","1800","false","6a427935be1b68a560016cb9","2026-03-30","Gabriela Moura da Silva","2026-08-04","https://base44.app/api/apps/6940553fb7a0f144dee4b60d/files/mp/public/6940553fb7a0f144dee4b60d/a03f9f8a8_GABRIELASILVAFOTO.png","","","6a4279779c5f47372b3eba44","6a42cfc8dd51b97aafad57a8","2026-06-29T20:04:24.898000","2026-08-06T15:09:17.045000","service_328e29b3-21e0-463d-8877-03f0942dbde5","service+328e29b3-21e0-463d-8877-03f0942dbde5@no-reply.base44.com","false"
"57807912000197","1900","true","6a427935be1b68a560016cb9","2024-10-22","Mirian dos Santos Trindade","","https://base44.app/api/apps/6940553fb7a0f144dee4b60d/files/public/6940553fb7a0f144dee4b60d/8feef3a7f_MiriamTrindadefoto.JPG","","","6a42798d2d88b395d2ecfd02","6a42cfc8dd51b97aafad57ab","2026-06-29T20:04:24.898000","2026-07-22T16:36:26.427000","service_328e29b3-21e0-463d-8877-03f0942dbde5","service+328e29b3-21e0-463d-8877-03f0942dbde5@no-reply.base44.com","false"
"61.023.285/0001-70","1900","false","6a427935be1b68a560016cb9","2025-05-12","Nicoly Motta Ribeiro Santana","2026-09-08","https://base44.app/api/apps/6940553fb7a0f144dee4b60d/files/public/6940553fb7a0f144dee4b60d/963b2b6fb_NicolyMottafoto.JPG","","","6a42798d2d88b395d2ecfd02","6a42cfc8dd51b97aafad57aa","2026-06-29T20:04:24.898000","2026-09-08T14:44:37.376000","service_328e29b3-21e0-463d-8877-03f0942dbde5","service+328e29b3-21e0-463d-8877-03f0942dbde5@no-reply.base44.com","false"
"61036227000181","1900","true","6a427935be1b68a560016cb9","2025-05-12","Sarah Serra Soares","","","","","6a42798d2d88b395d2ecfd02","6a42cfc8dd51b97aafad57b3","2026-06-29T20:04:24.898000","2026-07-22T16:44:24.536000","service_328e29b3-21e0-463d-8877-03f0942dbde5","service+328e29b3-21e0-463d-8877-03f0942dbde5@no-reply.base44.com","false"
"35.725.063.000.190","1900","true","6a427935be1b68a560016cb9","2024-12-01","Lucas Magalhães Passos","","https://base44.app/api/apps/6940553fb7a0f144dee4b60d/files/public/6940553fb7a0f144dee4b60d/464cc5106_WhatsAppImage2026-02-24at222511.jpeg","","","6a42798d2d88b395d2ecfd02","6a42cfc8dd51b97aafad57b1","2026-06-29T20:04:24.898000","2026-07-22T16:43:30.994000","service_328e29b3-21e0-463d-8877-03f0942dbde5","service+328e29b3-21e0-463d-8877-03f0942dbde5@no-reply.base44.com","false"
"60.859.936/0001-02","1900","false","6a427935be1b68a560016cb9","2025-05-05","Ana Beatriz Souza Almeida","2026-08-04","https://base44.app/api/apps/6940553fb7a0f144dee4b60d/files/public/6940553fb7a0f144dee4b60d/191441d90_DSCF6391.JPG","","","6a42798d2d88b395d2ecfd02","6a42cfc8dd51b97aafad57b4","2026-06-29T20:04:24.898000","2026-08-06T15:09:42.326000","service_328e29b3-21e0-463d-8877-03f0942dbde5","service+328e29b3-21e0-463d-8877-03f0942dbde5@no-reply.base44.com","false"
"57.017.909/0001-70","1900","false","6a427935be1b68a560016cb9","2024-09-01","Tatiane Castro de Carvalho","2026-08-31","","","","6a42798d2d88b395d2ecfd02","6a42cfc8dd51b97aafad57af","2026-06-29T20:04:24.898000","2026-09-01T17:37:42.346000","service_328e29b3-21e0-463d-8877-03f0942dbde5","service+328e29b3-21e0-463d-8877-03f0942dbde5@no-reply.base44.com","false"
"","","false","6a427935be1b68a560016cb9","2026-05-07","Gabriel Melo dos Santos","2025-07-01","","","","6a4279779c5f47372b3eba44","6a42cfc8dd51b97aafad57a9","2026-06-29T20:04:24.898000","2026-07-08T19:27:45.066000","service_328e29b3-21e0-463d-8877-03f0942dbde5","service+328e29b3-21e0-463d-8877-03f0942dbde5@no-reply.base44.com","false"
"54054181000168","1900","false","6a427935be1b68a560016cb9","2024-02-01","Fábia Milena de Oliveira Soares","2026-08-03","https://base44.app/api/apps/6940553fb7a0f144dee4b60d/files/public/6940553fb7a0f144dee4b60d/092b638b8_Fbiamilenafoto.JPG","","","6a42798d2d88b395d2ecfd02","6a42cfc8dd51b97aafad57ac","2026-06-29T20:04:24.898000","2026-08-06T15:07:30.018000","service_328e29b3-21e0-463d-8877-03f0942dbde5","service+328e29b3-21e0-463d-8877-03f0942dbde5@no-reply.base44.com","false"
"61.265.283/0001-98","","false","6a427935be1b68a560016cb9","2025-06-06","Gabriel Chong dos Santos Lima","","","","","6a4279779c5f47372b3eba44","6a42cfc8dd51b97aafad57a1","2026-06-29T20:04:24.898000","2026-07-22T13:49:46.334000","service_328e29b3-21e0-463d-8877-03f0942dbde5","service+328e29b3-21e0-463d-8877-03f0942dbde5@no-reply.base44.com","false"
"","","false","6a427935be1b68a560016cb9","2026-02-05","Guilherme Miguel Oliveira Lacerda D'Afonseca","2025-07-03","","","","6a4279779c5f47372b3eba44","6a42cfc8dd51b97aafad57a3","2026-06-29T20:04:24.898000","2026-07-08T19:27:45.066000","service_328e29b3-21e0-463d-8877-03f0942dbde5","service+328e29b3-21e0-463d-8877-03f0942dbde5@no-reply.base44.com","false"
"","1900","true","6a427935be1b68a560016cb9","2026-02-09","Tallyta Azevedo dos Santos","","","","","6a4279779c5f47372b3eba44","6a42cfc8dd51b97aafad57a4","2026-06-29T20:04:24.898000","2026-07-22T16:35:13.585000","service_328e29b3-21e0-463d-8877-03f0942dbde5","service+328e29b3-21e0-463d-8877-03f0942dbde5@no-reply.base44.com","false"
"50.521.676/0001-07","1900","true","6a427935be1b68a560016cb9","2024-10-01","Bruno Silva Lima","","https://base44.app/api/apps/6940553fb7a0f144dee4b60d/files/public/6940553fb7a0f144dee4b60d/76765a876_BrunoSilvaLimafoto.JPG","","","6a42798d2d88b395d2ecfd02","6a42cfc8dd51b97aafad57b6","2026-06-29T20:04:24.898000","2026-07-22T16:45:38.251000","service_328e29b3-21e0-463d-8877-03f0942dbde5","service+328e29b3-21e0-463d-8877-03f0942dbde5@no-reply.base44.com","false"
"56.884.908/0001-60","1900","true","6a427935be1b68a560016cb9","2025-05-05","Maria Eduarda Marques Falcão Almeida","","","","","6a42798d2d88b395d2ecfd02","6a42cfc8dd51b97aafad57b7","2026-06-29T20:04:24.898000","2026-07-22T16:45:48.151000","service_328e29b3-21e0-463d-8877-03f0942dbde5","service+328e29b3-21e0-463d-8877-03f0942dbde5@no-reply.base44.com","false"
"57.636.344/0001-09","1900","true","6a427935be1b68a560016cb9","2025-09-12","Mariana Heide da Silva Nunes Peixinho","","","","","6a42798d2d88b395d2ecfd02","6a42cfc8dd51b97aafad57b2","2026-06-29T20:04:24.898000","2026-07-22T16:44:14.180000","service_328e29b3-21e0-463d-8877-03f0942dbde5","service+328e29b3-21e0-463d-8877-03f0942dbde5@no-reply.base44.com","false"
"58238474000156","2200","true","6a427935be1b68a560016cb9","2025-05-13","Renata Queiroz Santos","","https://base44.app/api/apps/6940553fb7a0f144dee4b60d/files/public/6940553fb7a0f144dee4b60d/aebdce8c3_renataqueirozfoto.JPG","","","","6a42cfc8dd51b97aafad57ba","2026-06-29T20:04:24.898000","2026-08-31T17:18:31.403000","service_328e29b3-21e0-463d-8877-03f0942dbde5","service+328e29b3-21e0-463d-8877-03f0942dbde5@no-reply.base44.com","false"
"53741654000132","1900","true","6a427935be1b68a560016cb9","2024-06-01","Patricia Sandy Yee Hock","","","","","6a42798d2d88b395d2ecfd02","6a42cfc8dd51b97aafad57a0","2026-06-29T20:04:24.898000","2026-07-22T16:34:51.087000","service_328e29b3-21e0-463d-8877-03f0942dbde5","service+328e29b3-21e0-463d-8877-03f0942dbde5@no-reply.base44.com","false"
"75988224709","","false","6a427935be1b68a560016cb9","2025-03-17","Gabrielle Costa Matos","","","","","6a4279779c5f47372b3eba44","6a42cfc8dd51b97aafad57a2","2026-06-29T20:04:24.898000","2026-07-22T15:13:43.410000","service_328e29b3-21e0-463d-8877-03f0942dbde5","service+328e29b3-21e0-463d-8877-03f0942dbde5@no-reply.base44.com","false"
"65.063.544/0001-48","1900","true","6a427935be1b68a560016cb9","2026-02-10","Paloma de Souza Santos","","https://base44.app/api/apps/6940553fb7a0f144dee4b60d/files/public/6940553fb7a0f144dee4b60d/9623ca34c_WhatsAppImage2026-02-25at141910.jpeg","","","6a42798d2d88b395d2ecfd02","6a42cfc8dd51b97aafad57a6","2026-06-29T20:04:24.898000","2026-07-22T16:35:35.555000","service_328e29b3-21e0-463d-8877-03f0942dbde5","service+328e29b3-21e0-463d-8877-03f0942dbde5@no-reply.base44.com","false"
"55.294.339/0001-30","1800","false","6a427935be1b68a560016cb9","2026-01-13","Ingrid Matos Nascimento","2026-08-03","https://base44.app/api/apps/6940553fb7a0f144dee4b60d/files/public/6940553fb7a0f144dee4b60d/3291e3b22_Capturadetela2026-01-14174137.png","","","6a4279779c5f47372b3eba44","6a42cfc8dd51b97aafad57a7","2026-06-29T20:04:24.898000","2026-08-06T15:07:11.378000","service_328e29b3-21e0-463d-8877-03f0942dbde5","service+328e29b3-21e0-463d-8877-03f0942dbde5@no-reply.base44.com","false"
"35ad2c8c-d919-463e-9033-8de78e771aa","1900","false","6a427935be1b68a560016cb9","2025-02-19","Hanna dos Santos Bezerra","2026-08-31","https://base44.app/api/apps/6940553fb7a0f144dee4b60d/files/public/6940553fb7a0f144dee4b60d/07bdf413a_HannahBezerrafoto.JPG","","","6a42798d2d88b395d2ecfd02","6a42cfc8dd51b97aafad57ad","2026-06-29T20:04:24.898000","2026-09-01T17:38:04.914000","service_328e29b3-21e0-463d-8877-03f0942dbde5","service+328e29b3-21e0-463d-8877-03f0942dbde5@no-reply.base44.com","false"
"61.085.412/0001-66","1900","true","6a427935be1b68a560016cb9","2025-05-05","Luis Raphael Andrade Aureliano","","https://base44.app/api/apps/6940553fb7a0f144dee4b60d/files/public/6940553fb7a0f144dee4b60d/b973b2577_Luisraphaelfoto.JPG","","","6a42798d2d88b395d2ecfd02","6a42cfc8dd51b97aafad57b0","2026-06-29T20:04:24.898000","2026-07-22T16:43:20.280000","service_328e29b3-21e0-463d-8877-03f0942dbde5","service+328e29b3-21e0-463d-8877-03f0942dbde5@no-reply.base44.com","false"
"75 99124-3467","3000","true","6a427935be1b68a560016cb9","2023-11-22","Beatriz dos Santos Rodrigues","","https://base44.app/api/apps/6940553fb7a0f144dee4b60d/files/public/6940553fb7a0f144dee4b60d/80802e73a_BeatrizSantosRodriguesfoto.JPG","","","6a42cb05e6ab590369d2d112","6a42cfc8dd51b97aafad579c","2026-06-29T20:04:24.897000","2026-07-22T16:46:42.420000","service_328e29b3-21e0-463d-8877-03f0942dbde5","service+328e29b3-21e0-463d-8877-03f0942dbde5@no-reply.base44.com","false"
"55.234.654/0001-71","3000","true","6a427935be1b68a560016cb9","2024-05-01","Marcos Tadeu Alves Rocha","","","","","6a42cb05e6ab590369d2d112","6a42cfc8dd51b97aafad579d","2026-06-29T20:04:24.897000","2026-07-22T16:46:57.415000","service_328e29b3-21e0-463d-8877-03f0942dbde5","service+328e29b3-21e0-463d-8877-03f0942dbde5@no-reply.base44.com","false"
"61.159.228/0001-13		","1800","true","6a2af200a244bb166783e20a","2024-03-15","Nicolas Motta Ribeiro Santana","","","Analista de Contingência","","6a3ec5c1c92750a670c2a0b9","6a3ec780b522bfe19de82563","2026-06-26T18:40:00.285000","2026-07-01T17:56:45.140000","6a29cdc5a5548b7061fd28e4","kevinathy25@gmail.com","false"
"62.654.214.000.139","1800","true","6a2af200a244bb166783e20a","2025-09-01","Kauan Alef Silva Almeida","","https://base44.app/api/apps/6940553fb7a0f144dee4b60d/files/public/6940553fb7a0f144dee4b60d/b07ff3f93_Kauanaleffoto.JPG","Analista de Contingência","","6a3ec5c1c92750a670c2a0b9","6a3ec780b522bfe19de82565","2026-06-26T18:40:00.285000","2026-07-01T22:27:41.627000","6a29cdc5a5548b7061fd28e4","kevinathy25@gmail.com","false"
"63.816.206.0001-04		","1800","true","6a2af200a244bb166783e20a","2025-11-04","Ingrid Oliveira da Silva","","https://base44.app/api/apps/6940553fb7a0f144dee4b60d/files/public/6940553fb7a0f144dee4b60d/e65a82864_Ingridoliveirafoto.JPG","Analista de Contingência","","6a3ec5c1c92750a670c2a0b9","6a3ec780b522bfe19de82567","2026-06-26T18:40:00.285000","2026-07-01T22:27:41.627000","6a29cdc5a5548b7061fd28e4","kevinathy25@gmail.com","false"
"64870213000157","2000","true","6a29dbe75372841045a4eb15","2024-09-01","Hugo Vinicius Salazar Santos","","","Tipster","","","6a31b0a4544b62a72476edad","2026-06-16T20:23:00.191000","2026-07-01T18:36:25.057000","6a29cdc5a5548b7061fd28e4","kevinathy25@gmail.com","false"
"60531620000189","","true","6a29dbe75372841045a4eb15","2025-04-14","Vinicius da Silva Taveira","","https://base44.app/api/apps/6940553fb7a0f144dee4b60d/files/public/6940553fb7a0f144dee4b60d/1e8cf513a_viniciustaveirafoto.JPG","Tipster","","6a31a76f82ad94c939376f9d","6a31adbeaeac3e5247aeb624","2026-06-16T20:10:38.680000","2026-07-01T22:27:41.627000","6a29cdc5a5548b7061fd28e4","kevinathy25@gmail.com","false"
"64771344000187","","true","6a29dbe75372841045a4eb15","2025-05-05","Hebert da Silva Oliveira","","https://base44.app/api/apps/6940553fb7a0f144dee4b60d/files/public/6940553fb7a0f144dee4b60d/a809ed927_HebertdaSilvaOliveirafotoJPG.JPG","tipster","","6a2aea0f3863771558e29b25","6a31ad8a4631ffe812088d1e","2026-06-16T20:09:46.708000","2026-07-01T22:27:41.627000","6a29cdc5a5548b7061fd28e4","kevinathy25@gmail.com","false"
"58.438.921.000.110","","true","6a29dbe75372841045a4eb15","2025-04-01","Gabriel Dias Bitencourt","","","tipster","","6a31a73c2c335a7791a69029","6a31ad4919987825331438e1","2026-06-16T20:08:41.022000","2026-07-01T18:36:25.941000","6a29cdc5a5548b7061fd28e4","kevinathy25@gmail.com","false"
"60047348000166","","true","6a29dbe75372841045a4eb15","2025-04-01","Cauã Guilherme Rodrigues Ony ","","","Tipster","","6a31a76f82ad94c939376f9d","6a31ad2677242bb926aee5dc","2026-06-16T20:08:06.216000","2026-07-01T18:36:26.239000","6a29cdc5a5548b7061fd28e4","kevinathy25@gmail.com","false"
"62233525000124","","true","6a29dbe75372841045a4eb15","2025-08-04","Danilo Cerqueira Fernandes","","https://base44.app/api/apps/6940553fb7a0f144dee4b60d/files/public/6940553fb7a0f144dee4b60d/6d76e8a74_DaniloCerqueiraFernandesfoto.JPG","Tipster","","6a2aea0f3863771558e29b25","6a31acf65ea3d811677a6bff","2026-06-16T20:07:18.483000","2026-07-01T22:27:41.627000","6a29cdc5a5548b7061fd28e4","kevinathy25@gmail.com","false"
"60342254000110","","false","6a29dbe75372841045a4eb15","2025-04-08","Anderson Cerqueira de Jesus","2026-08-31","","tipster","","6a2aea0f3863771558e29b25","6a31ac767629b4ae2a8f0f61","2026-06-16T20:05:10.380000","2026-09-01T17:41:42.968000","6a29cdc5a5548b7061fd28e4","kevinathy25@gmail.com","false"
"64.143.659/0001-80","","true","6a29dbe75372841045a4eb15","2025-11-13","Arthur Echevenguá Ferreira ","","https://base44.app/api/apps/6940553fb7a0f144dee4b60d/files/public/6940553fb7a0f144dee4b60d/ea3c1a888_Capturadetela2025-12-17140632.png","Tipster","","6a2aea0f3863771558e29b25","6a31ac5c4c667950f83fd179","2026-06-16T20:04:44.116000","2026-07-01T22:27:41.627000","6a29cdc5a5548b7061fd28e4","kevinathy25@gmail.com","false"
"64.903.154/0001-76","","true","6a29dbe75372841045a4eb15","2024-10-01","Ney Correia da Silva Filho ","","https://base44.app/api/apps/6940553fb7a0f144dee4b60d/files/public/6940553fb7a0f144dee4b60d/94dc52bb9_NeycorreaFoto.JPG","Supervisor","","6a31a79b63950d9d217f5632","6a31a891b34e2cc81cfcbce5","2026-06-16T19:48:33.158000","2026-07-01T22:27:41.627000","6a29cdc5a5548b7061fd28e4","kevinathy25@gmail.com","false"
"56.386.273.000.170","","true","6a29dbe75372841045a4eb15","2024-08-14","Gabriel Henrique da Silva Copque","","https://base44.app/api/apps/6940553fb7a0f144dee4b60d/files/public/6940553fb7a0f144dee4b60d/65149609c_GabrielHenriquecopquefoto.JPG","Supervisor","","6a31a79b63950d9d217f5632","6a31a867c8ecc07ca20ccf63","2026-06-16T19:47:51.846000","2026-07-01T22:27:41.627000","6a29cdc5a5548b7061fd28e4","kevinathy25@gmail.com","false"
"55156246000149","","true","6a29dbe75372841045a4eb15","2024-09-09","Luiz Felippe Barbosa de Oliveira","","","Gerente de Análises","","6a2c484cdab821575664e079","6a31a60e68d2479030097d5c","2026-06-16T19:37:50.424000","2026-07-01T18:36:28.692000","6a29cdc5a5548b7061fd28e4","kevinathy25@gmail.com","false"