"name","calculation_type","low_revenue_bonus_pct","description","goal_bonus_percentage","low_revenue_threshold","id","created_date","updated_date","created_by_id","created_by","is_sample"
"Cozinha","fixed_bonus","","","0","","6a761d07309de4a997fc6214","2026-08-07T17:59:35.640000","2026-08-07T17:59:35.640000","6a29cdc5a5548b7061fd28e4","kevinathy25@gmail.com","false"
"Affiliates","fixed_commission_bonus","","","0","","6a47f171f807d9dc7e1ea7c2","2026-07-03T17:29:21.710000","2026-07-03T17:59:06.391000","6a29cdc5a5548b7061fd28e4","kevinathy25@gmail.com","false"
"Administrativo","fixed_bonus","","","25","","6a46fd670e7a05bf595387fe","2026-07-03T00:08:07.519000","2026-07-03T00:08:07.519000","6a29cdc5a5548b7061fd28e4","kevinathy25@gmail.com","false"
"Audiovisual","fixed_bonus","","","25","","6a45649ec1af3390804bc2ef","2026-07-01T19:03:58.024000","2026-07-01T19:03:58.024000","6a29cdc5a5548b7061fd28e4","kevinathy25@gmail.com","false"
"I.A/Automação","fixed_bonus","","","25","","6a4523527a52ae4c53e907ea","2026-07-01T14:25:22.951000","2026-07-01T14:25:22.951000","6a29cdc5a5548b7061fd28e4","kevinathy25@gmail.com","false"
"Gerencia ","management","","","0","","6a43fc44ad0012dafb312450","2026-06-30T17:26:28.132000","2026-06-30T18:16:28.705000","6a29cdc5a5548b7061fd28e4","kevinathy25@gmail.com","false"
"Líderes de Projetos","fixed_commission_super_goal","0.4","Fixo + comissão sobre faturamento do projeto com 3 níveis de meta. Projetos < R$200k recebem +0,40% na comissão.","","200000","6a42e463bc0f350fb9511a47","2026-06-29T21:32:19.846000","2026-06-29T21:32:19.846000","service_328e29b3-21e0-463d-8877-03f0942dbde5","service+328e29b3-21e0-463d-8877-03f0942dbde5@no-reply.base44.com","false"
"Assessoria Royalty","fixed_bonus","","","25","","6a42daa93b1750772c764f81","2026-06-29T20:50:49.110000","2026-06-30T21:15:01.490000","6a29cdc5a5548b7061fd28e4","kevinathy25@gmail.com","false"
"Feira FC","fixed_bonus","","","25","","6a42daa08287c90c0f416a3d","2026-06-29T20:50:40.091000","2026-06-30T21:22:52.884000","6a29cdc5a5548b7061fd28e4","kevinathy25@gmail.com","false"
"Tecnologia (T.I)","fixed_bonus","","","25","","6a427c594ac540b2eff9b154","2026-06-29T14:08:25.431000","2026-06-29T14:08:40.540000","6a29cdc5a5548b7061fd28e4","kevinathy25@gmail.com","false"
"Suporte","fixed_bonus","","","25","","6a427935be1b68a560016cb9","2026-06-29T13:55:01.857000","2026-06-29T13:55:01.857000","6a29cdc5a5548b7061fd28e4","kevinathy25@gmail.com","false"
"Comercial","fixed_commission","","Setor de vendas e FTDs","0","","6a31b88a2df29a321b8c06e0","2026-06-16T20:56:42.197000","2026-06-16T20:56:42.197000","service_328e29b3-21e0-463d-8877-03f0942dbde5","service+328e29b3-21e0-463d-8877-03f0942dbde5@no-reply.base44.com","false"
"Contingência","fixed_bonus","","","25","","6a2af200a244bb166783e20a","2026-06-11T17:36:00.408000","2026-06-11T17:36:00.408000","6a29cdc5a5548b7061fd28e4","kevinathy25@gmail.com","false"
"Tipster","fixed_bonus","","","0","","6a29dbe75372841045a4eb15","2026-06-10T21:49:27.654000","2026-06-11T17:01:00.526000","6a29cdc5a5548b7061fd28e4","kevinathy25@gmail.com","false"
"Social Media","fixed_bonus","","Gestão de redes sociais","25","","6a29d079bcb95e650f1f7f34","2026-06-10T21:00:41.438000","2026-06-10T21:00:41.438000","6a29cdc5a5548b7061fd28e4","kevinathy25@gmail.com","false"
"Tráfego Pago","commission","","Gestão de mídia paga","0","","6a29d079bcb95e650f1f7f37","2026-06-10T21:00:41.438000","2026-06-10T21:00:41.438000","6a29cdc5a5548b7061fd28e4","kevinathy25@gmail.com","false"